0,458,0,4,0
0,720,0,3,0
1,319,2,0,0
1,568,2,6,0
2,872,0,4,0
2,214,1,3,0
3,774,0,3,0
3,204,1,6,0
4,216,0,3,0
4,554,0,0,0
5,750,2,6,0
5,206,0,0,0
6,25,0,0,0
6,506,0,6,0
7,36,0,0,0
7,695,1,0,0
8,921,0,0,0
8,541,0,6,0
9,947,0,6,0
9,189,1,6,0
10,295,0,0,0
10,492,1,1,0
11,167,0,2,0
11,430,2,6,0
12,443,2,0,0
12,964,0,0,0
13,131,1,6,0
13,434,0,2,0
14,421,0,6,0
14,867,0,0,0
15,429,0,0,0
15,59,2,0,0
16,858,0,3,0
16,241,0,6,0
17,996,0,3,0
17,803,0,4,0
18,298,2,6,0
18,529,1,0,0
19,273,0,3,0
19,431,0,0,0
20,676,0,1,0
20,968,0,6,0
21,799,1,0,0
21,733,0,5,0
22,97,1,5,0
22,687,2,3,0
23,673,0,0,0
23,725,2,6,0
24,539,0,6,0
24,147,0,3,0
25,249,0,4,0
25,392,0,6,0
26,762,0,1,0
26,125,0,0,0
27,453,0,3,0
27,380,0,6,0
28,839,1,0,0
28,48,1,0,0
29,801,2,6,0
29,157,0,4,0
30,737,0,6,0
30,672,0,6,0
31,950,0,0,0
31,701,0,5,0
32,897,1,6,0
32,932,0,0,0
33,359,0,0,0
33,938,0,0,0
34,600,0,4,0
34,744,0,4,0
35,401,1,6,0
35,146,1,6,0
36,549,1,6,0
36,30,1,0,0
37,40,0,0,0
37,159,0,1,0
38,943,1,6,0
38,307,0,0,0
39,936,0,4,0
39,327,1,3,0
40,833,2,2,0
40,745,1,6,0
41,249,0,3,0
41,898,0,5,0
42,604,0,0,0
42,444,2,6,0
43,699,0,6,0
43,864,1,1,0
44,412,0,0,0
44,475,1,0,0
45,576,1,3,0
45,876,2,6,0
46,533,1,0,0
46,617,0,0,0
47,253,0,5,0
47,794,0,6,0
48,262,0,6,0
48,122,0,0,0
49,356,0,6,0
49,210,0,4,0
50,502,0,0,0
50,932,0,0,0
51,915,0,3,0
51,95,0,0,0
52,798,2,6,0
52,180,0,1,0
53,167,1,0,0
53,103,0,4,0
54,146,0,6,0
54,834,0,2,0
55,807,0,6,0
55,205,2,0,0
56,836,0,0,0
56,668,2,0,0
57,72,0,6,0
57,337,2,3,0
58,814,0,0,0
58,420,2,0,0
59,22,1,0,0
59,296,1,5,0
60,902,0,6,0
60,7,1,0,0
61,327,0,3,0
61,434,0,0,0
62,603,0,4,0
62,112,0,0,0
63,7,2,0,0
63,298,0,6,0
64,448,0,6,0
64,11,1,5,0
65,691,0,1,0
65,488,0,6,0
66,254,0,6,0
66,797,0,4,0
67,209,0,6,0
67,447,0,6,0
68,642,0,4,0
68,989,0,3,0
69,909,0,6,0
69,770,2,6,0
70,954,1,3,0
70,940,0,5,0
71,18,0,6,0
71,6,0,0,0
72,232,0,4,0
72,569,1,4,0
73,712,2,6,0
73,517,0,4,0
74,662,0,0,0
74,759,1,0,0
75,258,2,6,0
75,337,2,4,0
76,844,2,5,0
76,815,0,0,0
77,941,0,4,0
77,37,0,6,0
78,929,0,0,0
78,160,1,4,0
79,465,2,4,0
79,44,1,0,0
80,544,0,1,0
80,553,1,6,0
81,265,0,6,0
81,216,0,4,0
82,927,0,0,0
82,716,1,3,0
83,355,0,6,0
83,742,0,6,0
84,339,0,4,0
84,308,1,0,0
85,829,1,0,0
85,996,0,5,0
86,491,0,0,0
86,257,1,0,0
87,203,1,5,0
87,135,0,0,0
88,995,1,3,0
88,940,0,4,0
89,570,0,0,0
89,645,0,0,0
90,20,0,6,0
90,786,0,6,0
91,869,0,5,0
91,158,2,3,0
92,678,1,3,0
92,716,0,3,0
93,810,1,0,0
93,670,0,6,0
94,96,1,6,0
94,485,0,0,0
95,698,2,3,0
95,538,0,3,0
96,551,0,4,0
96,632,2,5,0
97,689,0,0,0
97,986,0,1,0
98,646,0,5,0
98,850,2,3,0
99,987,0,3,0
99,639,1,6,0
100,413,1,4,0
100,473,2,6,0
101,0,0,6,0
101,15,1,3,0
102,954,2,5,0
102,743,0,3,0
103,309,1,6,0
103,779,0,6,0
104,721,0,2,0
104,42,1,3,0
105,770,0,6,0
105,635,0,1,0
106,636,0,4,0
106,295,2,0,0
107,329,0,3,0
107,291,0,0,0
108,373,0,0,0
108,560,0,3,0
109,266,0,0,0
109,66,0,2,0
110,750,0,6,0
110,79,0,4,0
111,1002,1,0,0
111,1004,0,0,0
112,246,2,0,0
112,372,0,4,0
113,891,0,3,0
113,964,2,1,0
114,653,0,5,0
114,353,0,3,0
115,946,0,1,0
115,110,0,6,0
116,322,2,6,0
116,583,0,4,0
117,603,0,4,0
117,294,2,5,0
118,662,2,0,0
118,229,0,1,0
119,759,0,0,0
119,134,0,4,0
120,784,0,4,0
120,888,1,0,0
121,139,0,3,0
121,280,1,6,0
122,692,0,0,0
122,358,1,3,0
123,313,0,3,0
123,665,2,6,0
124,955,0,0,0
124,270,2,0,0
125,642,0,3,0
125,189,0,6,0
126,3,0,0,0
126,898,0,3,0
127,120,0,6,0
127,115,1,6,0
128,353,0,3,0
128,219,0,4,0
129,988,0,6,0
129,675,1,3,0
130,68,0,5,0
130,944,1,6,0
131,747,0,4,0
131,693,0,0,0
132,950,2,0,0
132,897,0,6,0
133,367,0,6,0
133,669,1,3,0
134,224,1,4,0
134,837,0,0,0
135,135,0,0,0
135,887,2,6,0
136,487,2,0,0
136,971,0,6,0
137,777,0,5,0
137,0,2,6,0
138,15,2,4,0
138,375,1,4,0
139,605,0,3,0
139,920,0,6,0
140,467,1,4,0
140,138,1,0,0
141,605,0,4,0
141,788,0,0,0
142,513,0,0,0
142,914,1,6,0
143,763,2,6,0
143,629,2,4,0
144,240,1,2,0
144,474,0,3,0
145,555,0,0,0
145,422,0,3,0
146,417,2,0,0
146,236,1,6,0
147,656,2,0,0
147,790,1,0,0
148,283,2,4,0
148,162,0,0,0
149,402,1,5,0
149,331,2,6,0
150,360,2,6,0
150,913,0,0,0
151,278,0,0,0
151,358,0,3,0
152,619,2,6,0
152,207,1,6,0
153,52,0,3,0
153,289,0,5,0
154,827,0,0,0
154,570,2,0,0
155,522,2,4,0
155,372,0,4,0
156,266,0,0,0
156,430,2,6,0
157,339,2,5,0
157,602,0,0,0
158,999,0,0,0
158,701,0,3,0
159,925,1,4,0
159,901,1,3,0
160,843,0,0,0
160,409,0,6,0
161,885,1,4,0
161,186,1,6,0
162,695,0,0,0
162,778,0,5,0
163,278,0,0,0
163,635,0,2,0
164,86,2,6,0
164,788,0,2,0
165,276,0,5,0
165,667,1,3,0
166,282,0,4,0
166,502,1,0,0
167,684,0,0,0
167,338,0,5,0
168,773,0,0,0
168,335,0,0,0
169,678,0,3,0
169,567,0,3,0
170,291,2,0,0
170,369,2,0,0
171,361,0,0,0
171,580,2,0,0
172,120,0,6,0
172,1,0,3,0
173,499,2,0,0
173,884,2,0,0
174,620,0,0,0
174,850,1,5,0
175,830,2,2,0
175,556,0,0,0
176,911,0,6,0
176,147,1,5,0
177,916,2,3,0
177,49,0,4,0
178,11,1,4,0
178,507,0,0,0
179,285,0,6,0
179,152,2,4,0
180,209,0,6,0
180,128,1,0,0
181,542,0,1,0
181,53,0,0,0
182,559,0,6,0
182,786,2,6,0
183,39,2,6,0
183,315,2,0,0
184,707,1,3,0
184,63,0,0,0
185,324,0,3,0
185,47,0,4,0
186,524,0,2,0
186,156,2,0,0
187,967,0,0,0
187,899,2,0,0
188,746,0,4,0
188,312,2,4,0
189,787,0,0,0
189,224,1,3,0
190,856,0,6,0
190,636,0,5,0
191,874,0,6,0
191,350,2,6,0
192,311,1,0,0
192,735,0,3,0
193,826,1,3,0
193,957,0,5,0
194,960,1,3,0
194,321,1,1,0
195,879,0,6,0
195,782,0,0,0
196,887,0,6,0
196,219,0,4,0
197,674,0,3,0
197,870,0,6,0
198,152,1,3,0
198,847,0,0,0
199,559,0,6,0
199,106,0,6,0
200,667,0,5,0
200,281,1,3,0
201,15,1,4,0
201,849,0,0,0
202,202,1,3,0
202,65,0,0,0
203,8,0,0,0
203,114,2,2,0
204,646,0,4,0
204,264,0,6,0
205,605,0,3,0
205,215,0,6,0
206,537,0,6,0
206,511,0,5,0
207,226,0,6,0
207,211,0,4,0
208,766,0,4,0
208,603,2,5,0
209,279,0,6,0
209,806,2,6,0
210,429,0,0,0
210,960,2,4,0
211,711,0,0,0
211,610,0,0,0
212,435,2,6,0
212,209,0,6,0
213,158,0,4,0
213,842,0,3,0
214,879,0,6,0
214,325,2,6,0
215,509,1,3,0
215,981,2,1,0
216,841,0,4,0
216,682,0,0,0
217,875,1,0,0
217,529,1,0,0
218,257,0,0,0
218,589,0,0,0
219,10,2,3,0
219,557,0,6,0
220,5,0,0,0
220,38,1,0,0
221,682,1,0,0
221,335,0,0,0
222,45,2,0,0
222,109,0,6,0
223,669,1,4,0
223,93,0,1,0
224,384,0,6,0
224,408,1,3,0
225,118,1,6,0
225,183,0,6,0
226,106,0,6,0
226,821,1,2,0
227,838,0,6,0
227,748,0,6,0
228,806,2,6,0
228,463,0,3,0
229,117,1,3,0
229,567,0,5,0
230,314,1,3,0
230,459,2,4,0
231,568,1,6,0
231,59,0,0,0
232,906,1,6,0
232,552,2,0,0
233,339,0,5,0
233,436,2,3,0
234,776,0,6,0
234,846,0,6,0
235,801,2,6,0
235,861,0,4,0
236,837,2,0,0
236,500,0,6,0
237,565,0,6,0
237,961,0,1,0
238,838,0,6,0
238,729,2,0,0
239,602,2,0,0
239,652,0,6,0
240,931,0,6,0
240,769,1,6,0
241,868,0,4,0
241,836,0,0,0
242,628,1,6,0
242,594,1,6,0
243,348,0,0,0
243,947,0,6,0
244,732,1,4,0
244,206,2,0,0
245,707,0,3,0
245,847,0,0,0
246,203,1,4,0
246,208,0,3,0
247,64,0,6,0
247,568,2,6,0
248,908,0,6,0
248,19,1,3,0
249,363,0,3,0
249,612,0,6,0
250,54,0,5,0
250,663,0,0,0
251,531,0,4,0
251,1003,0,2,0
252,696,0,2,0
252,241,0,6,0
253,892,1,6,0
253,1001,2,0,0
254,718,1,6,0
254,525,2,3,0
255,983,0,6,0
255,80,0,0,0
256,380,0,6,0
256,66,0,0,0
257,390,0,1,0
257,649,0,4,0
258,205,1,0,0
258,329,0,4,0
259,828,2,5,0
259,984,0,5,0
260,774,0,5,0
260,297,0,0,0
261,348,0,0,0
261,888,1,0,0
262,403,0,3,0
262,944,2,6,0
263,402,0,5,0
263,589,0,0,0
264,503,0,5,0
264,346,0,6,0
265,534,0,5,0
265,720,0,3,0
266,895,0,3,0
266,517,0,4,0
267,428,0,3,0
267,800,1,0,0
268,422,0,4,0
268,440,2,4,0
269,135,0,2,0
269,319,0,0,0
270,328,0,6,0
270,823,0,6,0
271,300,0,4,0
271,380,1,6,0
272,770,1,6,0
272,22,0,0,0
273,990,0,0,0
273,138,0,0,0
274,134,0,4,0
274,199,0,0,0
275,648,0,6,0
275,405,1,0,0
276,355,0,6,0
276,188,0,6,0
277,498,0,6,0
277,426,1,0,0
278,346,2,6,0
278,969,0,0,0
279,640,1,0,0
279,923,0,6,0
280,740,0,3,0
280,679,0,6,0
281,394,0,3,0
281,192,0,4,0
282,177,0,6,0
282,418,0,6,0
283,489,0,4,0
283,614,1,0,0
284,288,0,6,0
284,406,0,4,0
285,590,0,6,0
285,53,0,2,0
286,480,1,4,0
286,51,0,6,0
287,391,0,1,0
287,572,1,3,0
288,108,0,4,0
288,133,0,3,0
289,773,2,0,0
289,721,0,1,0
290,98,0,5,0
290,955,0,0,0
291,672,0,6,0
291,812,2,4,0
292,226,2,6,0
292,172,0,4,0
293,438,0,0,0
293,170,0,6,0
294,83,0,0,0
294,13,2,0,0
295,924,0,6,0
295,170,0,6,0
296,345,0,4,0
296,963,0,5,0
297,221,1,1,0
297,314,1,3,0
298,984,2,4,0
298,915,1,5,0
299,483,0,3,0
299,982,0,0,0
300,615,0,6,0
300,874,2,6,0
301,62,2,6,0
301,655,2,6,0
302,2,2,5,0
302,659,0,0,0
303,888,0,0,0
303,866,0,6,0
304,917,1,1,0
304,853,1,3,0
305,286,1,6,0
305,139,1,4,0
306,985,0,6,0
306,775,0,0,0
307,206,0,0,0
307,156,0,1,0
308,249,0,4,0
308,829,0,0,0
309,475,1,0,0
309,857,0,4,0
310,576,0,5,0
310,501,0,0,0
311,849,2,0,0
311,378,0,6,0
312,572,2,4,0
312,171,1,0,0
313,544,2,0,0
313,223,1,6,0
314,692,2,0,0
314,678,0,4,0
315,893,0,0,0
315,166,1,6,0
316,697,2,4,0
316,329,0,3,0
317,477,0,5,0
317,90,2,0,0
318,14,1,0,0
318,743,0,4,0
319,50,0,3,0
319,549,0,6,0
320,503,0,3,0
320,871,0,0,0
321,414,1,0,0
321,720,0,3,0
322,484,0,3,0
322,25,0,0,0
323,654,0,0,0
323,150,0,5,0
324,905,0,0,0
324,634,0,6,0
325,417,0,2,0
325,34,1,0,0
326,1003,0,0,0
326,674,0,3,0
327,153,0,0,0
327,260,1,4,0
328,196,1,0,0
328,0,1,6,0
329,776,1,6,0
329,557,0,6,0
330,552,1,0,0
330,842,0,5,0
331,276,0,4,0
331,93,2,0,0
332,556,2,0,0
332,162,2,0,0
333,103,0,4,0
333,611,1,6,0
334,852,0,5,0
334,700,1,5,0
335,856,0,6,0
335,919,0,4,0
336,10,0,5,0
336,223,0,6,0
337,170,2,6,0
337,508,0,4,0
338,415,0,6,0
338,400,0,6,0
339,119,2,0,0
339,519,1,3,0
340,233,2,6,0
340,229,0,0,0
341,643,2,0,0
341,467,0,3,0
342,134,2,4,0
342,586,0,0,0
343,738,2,0,0
343,834,1,1,0
344,956,0,6,0
344,992,1,0,0
345,99,2,3,0
345,1004,2,0,0
346,544,0,0,0
346,525,0,5,0
347,443,1,0,0
347,653,2,3,0
348,512,0,0,0
348,788,2,0,0
349,144,0,3,0
349,640,2,1,0
350,795,0,2,0
350,43,0,4,0
351,70,1,6,0
351,999,2,0,0
352,462,0,0,0
352,829,0,0,0
353,179,0,6,0
353,654,2,0,0
354,485,0,1,0
354,589,1,0,0
355,644,0,2,0
355,949,0,3,0
356,475,0,0,0
356,62,0,6,0
357,280,0,6,0
357,258,0,6,0
358,582,0,4,0
358,378,0,6,0
359,904,0,5,0
359,705,0,6,0
360,56,0,6,0
360,374,0,0,0
361,248,0,6,0
361,261,0,0,0
362,672,0,6,0
362,985,0,6,0
363,694,0,0,0
363,819,1,0,0
364,186,0,6,0
364,89,2,3,0
365,779,0,6,0
365,45,1,0,0
366,241,2,6,0
366,202,0,4,0
367,225,1,4,0
367,792,0,6,0
368,763,1,6,0
368,344,2,0,0
369,91,0,4,0
369,654,0,2,0
370,650,0,6,0
370,237,0,3,0
371,912,0,0,0
371,903,1,6,0
372,391,2,2,0
372,212,0,5,0
373,895,0,3,0
373,989,0,4,0
374,4,2,0,0
374,132,1,6,0
375,160,0,5,0
375,833,1,0,0
376,92,2,4,0
376,389,0,1,0
377,346,1,6,0
377,188,2,6,0
378,709,1,6,0
378,340,2,3,0
379,89,0,3,0
379,894,0,6,0
380,554,0,0,0
380,527,2,2,0
381,518,0,0,0
381,644,0,0,0
382,708,0,0,0
382,858,0,3,0
383,479,0,4,0
383,394,0,3,0
384,943,0,6,0
384,287,2,1,0
385,305,0,6,0
385,100,0,0,0
386,560,0,5,0
386,305,0,6,0
387,668,0,0,0
387,993,1,5,0
388,728,0,3,0
388,784,2,5,0
389,73,1,0,0
389,233,2,6,0
390,836,2,0,0
390,729,1,0,0
391,444,1,6,0
391,557,0,6,0
392,210,2,3,0
392,815,0,0,0
393,912,0,0,0
393,481,2,0,0
394,10,0,4,0
394,585,0,4,0
395,574,0,3,0
395,443,0,0,0
396,641,0,3,0
396,632,0,3,0
397,512,0,0,0
397,601,2,4,0
398,259,1,1,0
398,312,1,4,0
399,763,0,6,0
399,750,1,6,0
400,286,2,6,0
400,310,0,4,0
401,350,0,6,0
401,810,0,0,0
402,892,0,6,0
402,303,0,4,0
403,578,1,0,0
403,949,0,5,0
404,542,0,2,0
404,506,2,6,0
405,927,2,0,0
405,452,0,4,0
406,868,0,4,0
406,835,0,0,0
407,998,1,4,0
407,951,0,6,0
408,789,0,5,0
408,794,0,6,0
409,497,2,4,0
409,71,0,6,0
410,270,1,0,0
410,395,0,0,0
411,177,2,6,0
411,301,1,4,0
412,329,1,3,0
412,514,0,5,0
413,450,1,3,0
413,40,0,0,0
414,151,0,0,0
414,1005,0,0,0
415,826,2,4,0
415,858,0,3,0
416,994,1,6,0
416,780,0,6,0
417,866,2,6,0
417,333,1,4,0
418,818,0,0,0
418,825,0,6,0
419,627,0,3,0
419,970,1,6,0
420,875,0,0,0
420,453,0,3,0
421,756,2,4,0
421,405,0,2,0
422,323,0,5,0
422,230,0,3,0
423,155,2,0,0
423,29,0,6,0
424,494,0,2,0
424,490,0,6,0
425,504,0,4,0
425,600,0,4,0
426,809,0,0,0
426,690,0,0,0
427,647,0,6,0
427,91,1,3,0
428,731,2,2,0
428,831,0,6,0
429,634,0,6,0
429,403,1,4,0
430,385,0,6,0
430,894,1,6,0
431,798,0,6,0
431,92,0,4,0
432,414,0,0,0
432,830,0,0,0
433,156,0,0,0
433,532,1,6,0
434,304,0,3,0
434,917,0,0,0
435,12,0,6,0
435,441,0,3,0
436,126,0,0,0
436,63,0,0,0
437,868,2,5,0
437,449,2,6,0
438,924,1,6,0
438,889,2,6,0
439,972,0,6,0
439,971,0,6,0
440,264,0,6,0
440,175,2,6,0
441,270,2,0,0
441,91,1,4,0
442,608,0,0,0
442,918,0,6,0
443,952,0,4,0
443,224,0,3,0
444,466,2,0,0
444,135,2,2,0
445,539,0,6,0
445,483,1,3,0
446,251,0,6,0
446,484,0,5,0
447,447,0,6,0
447,915,1,3,0
448,594,2,6,0
448,988,0,6,0
449,12,0,6,0
449,1006,0,6,0
450,418,0,6,0
450,822,2,3,0
451,629,0,4,0
451,802,2,0,0
452,748,0,6,0
452,143,1,6,0
453,707,0,4,0
453,317,2,6,0
454,816,1,0,0
454,414,0,0,0
455,420,0,0,0
455,194,1,6,0
456,548,1,6,0
456,456,0,1,0
457,30,1,0,0
457,347,0,6,0
458,401,0,6,0
458,4,2,0,0
459,795,0,2,0
459,485,0,0,0
460,794,2,6,0
460,712,0,6,0
461,760,0,0,0
461,859,2,3,0
462,992,0,0,0
462,377,2,6,0
463,736,1,5,0
463,557,0,6,0
464,488,2,6,0
464,653,0,3,0
465,312,2,3,0
465,16,2,3,0
466,384,2,6,0
466,205,1,0,0
467,714,0,6,0
467,43,2,3,0
468,440,0,5,0
468,737,1,6,0
469,670,0,6,0
469,723,0,6,0
470,391,2,0,0
470,159,2,0,0
471,162,0,0,0
471,46,0,3,0
472,382,0,6,0
472,100,0,0,0
473,257,1,1,0
473,665,2,6,0
474,936,0,3,0
474,637,2,5,0
475,854,0,6,0
475,966,0,2,0
476,415,1,6,0
476,942,0,1,0
477,32,1,1,0
477,681,1,1,0
478,993,2,3,0
478,834,0,0,0
479,319,2,1,0
479,915,1,5,0
480,340,1,3,0
480,804,0,6,0
481,209,0,6,0
481,161,0,4,0
482,771,0,6,0
482,710,0,4,0
483,970,0,6,0
483,519,0,5,0
484,813,0,2,0
484,712,1,6,0
485,553,2,6,0
485,965,0,0,0
486,964,0,1,0
486,95,1,1,0
487,436,1,4,0
487,801,1,6,0
488,386,0,0,0
488,796,0,4,0
489,890,0,4,0
489,717,0,5,0
490,298,0,6,0
490,528,0,0,0
491,897,0,6,0
491,159,2,2,0
492,491,0,0,0
492,5,2,0,0
493,569,2,4,0
493,518,0,0,0
494,254,0,6,0
494,503,0,4,0
495,745,1,6,0
495,873,1,0,0
496,262,0,6,0
496,753,0,4,0
497,116,0,6,0
497,155,2,1,0
498,344,2,0,0
498,146,0,6,0
499,751,0,0,0
499,435,0,6,0
500,282,0,4,0
500,862,0,0,0
501,10,0,3,0
501,511,0,3,0
502,193,0,6,0
502,791,0,6,0
503,869,0,3,0
503,994,0,6,0
504,941,0,5,0
504,114,0,0,0
505,975,1,5,0
505,959,0,6,0
506,267,0,0,0
506,251,0,6,0
507,851,0,0,0
507,496,1,5,0
508,705,0,6,0
508,130,1,6,0
509,694,1,0,0
509,320,1,6,0
510,726,2,0,0
510,184,1,6,0
511,818,0,0,0
511,92,0,3,0
512,15,0,3,0
512,183,2,6,0
513,440,0,5,0
513,279,0,6,0
514,315,1,1,0
514,803,0,5,0
515,694,0,0,0
515,61,2,4,0
516,269,2,0,0
516,176,0,4,0
517,744,0,4,0
517,136,1,3,0
518,461,1,6,0
518,515,2,0,0
519,157,1,3,0
519,540,1,6,0
520,5,1,0,0
520,812,0,4,0
521,713,0,6,0
521,903,0,6,0
522,784,1,4,0
522,730,0,0,0
523,375,1,4,0
523,771,0,6,0
524,575,2,0,0
524,571,0,3,0
525,1,2,5,0
525,85,2,4,0
526,998,2,3,0
526,670,0,6,0
527,706,2,0,0
527,979,0,3,0
528,524,0,1,0
528,940,2,3,0
529,631,2,1,0
529,663,0,0,0
530,238,0,0,0
530,524,0,1,0
531,777,0,4,0
531,724,0,5,0
532,818,0,0,0
532,30,1,0,0
533,457,2,6,0
533,454,2,4,0
534,102,1,1,0
534,451,2,5,0
535,302,2,6,0
535,905,2,0,0
536,849,0,2,0
536,21,2,6,0
537,911,0,6,0
537,233,0,6,0
538,957,1,4,0
538,875,1,0,0
539,830,1,1,0
539,924,0,6,0
540,832,2,0,0
540,104,0,3,0
541,728,0,4,0
541,558,1,0,0
542,141,1,0,0
542,566,0,6,0
543,196,1,0,0
543,738,2,0,0
544,692,2,0,0
544,762,0,0,0
545,749,1,0,0
545,551,2,4,0
546,159,1,0,0
546,753,2,3,0
547,114,2,0,0
547,249,0,4,0
548,134,2,3,0
548,68,1,3,0
549,424,0,3,0
549,308,1,0,0
550,375,2,5,0
550,307,0,1,0
551,364,1,6,0
551,22,1,2,0
552,458,0,4,0
552,805,2,4,0
553,928,0,0,0
553,321,1,0,0
554,663,0,1,0
554,299,0,3,0
555,334,1,3,0
555,527,0,0,0
556,512,0,0,0
556,797,0,3,0
557,524,1,0,0
557,372,2,3,0
558,305,0,6,0
558,340,0,3,0
559,362,0,4,0
559,49,0,3,0
560,628,0,6,0
560,293,0,0,0
561,272,0,0,0
561,428,0,3,0
562,359,2,0,0
562,518,2,0,0
563,653,2,3,0
563,23,2,0,0
564,986,0,0,0
564,604,0,1,0
565,831,0,6,0
565,867,0,0,0
566,884,1,0,0
566,376,2,2,0
567,104,0,5,0
567,427,1,5,0
568,739,0,0,0
568,956,0,6,0
569,591,0,5,0
569,782,0,0,0
570,899,0,1,0
570,454,2,3,0
571,809,0,0,0
571,757,0,6,0
572,115,1,6,0
572,128,2,0,0
573,399,1,0,0
573,880,0,3,0
574,120,0,6,0
574,145,0,0,0
575,278,1,0,0
575,785,0,4,0
576,809,0,0,0
576,56,2,6,0
577,868,0,4,0
577,93,0,0,0
578,752,0,5,0
578,900,2,0,0
579,552,0,1,0
579,447,0,6,0
580,823,0,6,0
580,943,0,6,0
581,474,2,4,0
581,504,2,3,0
582,375,0,4,0
582,179,0,6,0
583,555,0,0,0
583,523,1,0,0
584,186,0,6,0
584,743,2,4,0
585,154,0,3,0
585,548,0,6,0
586,285,0,6,0
586,764,0,4,0
587,318,0,6,0
587,997,1,0,0
588,530,1,3,0
588,606,2,4,0
589,686,0,4,0
589,304,2,3,0
590,785,0,4,0
590,267,1,0,0
591,783,0,5,0
591,437,0,2,0
592,318,0,6,0
592,76,2,1,0
593,499,0,2,0
593,926,2,4,0
594,415,0,6,0
594,74,1,3,0
595,725,0,6,0
595,718,0,6,0
596,683,0,0,0
596,505,0,3,0
597,293,1,0,0
597,535,0,6,0
598,351,2,6,0
598,147,0,5,0
599,289,1,5,0
599,460,0,6,0
600,72,0,6,0
600,265,2,6,0
601,697,0,5,0
601,612,0,6,0
602,418,0,6,0
602,80,0,0,0
603,237,2,3,0
603,297,0,0,0
604,207,1,6,0
604,171,0,0,0
605,245,0,6,0
605,62,0,6,0
606,550,0,3,0
606,990,0,0,0
607,676,0,0,0
607,442,2,4,0
608,528,0,0,0
608,382,2,6,0
609,970,0,6,0
609,207,1,6,0
610,892,0,6,0
610,883,1,4,0
611,599,0,5,0
611,861,0,4,0
612,140,1,0,0
612,679,1,6,0
613,543,0,1,0
613,169,2,6,0
614,564,2,0,0
614,796,1,3,0
615,782,0,0,0
615,495,0,4,0
616,588,0,4,0
616,822,1,5,0
617,302,0,6,0
617,744,0,4,0
618,142,0,6,0
618,425,2,6,0
619,232,2,4,0
619,75,1,6,0
620,410,2,0,0
620,130,1,6,0
621,764,2,4,0
621,51,0,6,0
622,174,0,0,0
622,623,0,4,0
623,440,1,3,0
623,194,0,6,0
624,47,2,4,0
624,353,0,3,0
625,403,0,3,0
625,421,2,6,0
626,823,2,6,0
626,366,0,4,0
627,449,1,6,0
627,943,0,6,0
628,910,0,0,0
628,592,1,4,0
629,480,0,3,0
629,218,1,6,0
630,662,0,0,0
630,196,0,0,0
631,215,1,6,0
631,587,1,3,0
632,798,1,6,0
632,354,0,0,0
633,424,0,3,0
633,41,1,0,0
634,597,0,3,0
634,461,0,6,0
635,1006,0,6,0
635,107,0,6,0
636,650,1,6,0
636,482,2,6,0
637,811,2,6,0
637,693,0,0,0
638,771,2,6,0
638,121,2,6,0
639,911,0,6,0
639,381,2,0,0
640,680,0,6,0
640,118,2,6,0
641,69,2,3,0
641,323,1,5,0
642,149,0,0,0
642,352,0,3,0
643,527,2,2,0
643,889,1,6,0
644,590,1,6,0
644,163,2,3,0
645,104,0,5,0
645,192,0,4,0
646,881,1,0,0
646,338,0,3,0
647,858,0,5,0
647,287,2,2,0
648,160,0,3,0
648,520,0,0,0
649,901,0,4,0
649,724,0,5,0
650,620,0,0,0
650,935,0,6,0
651,872,0,4,0
651,506,2,6,0
652,355,1,6,0
652,477,2,3,0
653,109,2,6,0
653,928,0,0,0
654,940,0,4,0
654,386,2,0,0
655,3,0,0,0
655,55,1,4,0
656,526,0,5,0
656,454,1,4,0
657,805,0,3,0
657,646,0,4,0
658,479,0,4,0
658,70,1,6,0
659,927,0,2,0
659,707,0,3,0
660,979,0,3,0
660,551,0,3,0
661,655,0,6,0
661,492,1,0,0
662,718,2,6,0
662,951,0,6,0
663,960,2,4,0
663,734,2,4,0
664,150,0,3,0
664,735,1,3,0
665,506,0,6,0
665,923,0,6,0
666,821,0,0,0
666,716,2,4,0
667,1002,0,0,0
667,242,0,5,0
668,936,0,3,0
668,463,0,3,0
669,486,0,6,0
669,700,0,4,0
670,396,0,6,0
670,331,0,6,0
671,690,2,0,0
671,347,0,6,0
672,784,0,4,0
672,732,2,3,0
673,15,2,5,0
673,299,0,5,0
674,476,0,5,0
674,970,2,6,0
675,253,0,5,0
675,931,0,6,0
676,903,2,6,0
676,640,2,0,0
677,601,0,4,0
677,647,0,6,0
678,246,0,2,0
678,507,0,1,0
679,210,0,3,0
679,423,0,2,0
680,446,1,5,0
680,927,0,2,0
681,18,0,6,0
681,124,2,0,0
682,761,0,5,0
682,965,0,1,0
683,349,0,0,0
683,352,0,3,0
684,959,0,6,0
684,496,2,4,0
685,828,1,4,0
685,948,0,0,0
686,45,2,0,0
686,272,0,0,0
687,664,0,4,0
687,689,0,2,0
688,934,0,6,0
688,272,0,0,0
689,632,0,4,0
689,587,0,4,0
690,980,0,6,0
690,679,0,6,0
691,18,0,6,0
691,56,0,6,0
692,0,0,6,0
692,1002,0,0,0
693,332,0,0,0
693,906,0,6,0
694,579,1,0,0
694,45,1,0,0
695,64,0,6,0
695,647,1,6,0
696,141,2,2,0
696,87,2,5,0
697,251,0,6,0
697,358,0,5,0
698,199,0,0,0
698,25,0,0,0
699,999,0,0,0
699,778,2,3,0
700,758,1,6,0
700,69,1,3,0
701,525,0,4,0
701,201,0,4,0
702,931,1,6,0
702,479,0,3,0
703,691,0,0,0
703,904,2,4,0
704,561,0,0,0
704,922,0,4,0
705,439,0,5,0
705,666,0,6,0
706,192,0,3,0
706,859,2,3,0
707,4,2,0,0
707,155,0,1,0
708,567,2,5,0
708,35,1,0,0
709,859,0,3,0
709,398,0,5,0
710,997,2,0,0
710,217,0,6,0
711,667,0,3,0
711,772,2,5,0
712,468,0,4,0
712,441,2,4,0
713,206,0,0,0
713,728,1,4,0
714,516,2,6,0
714,72,2,6,0
715,907,0,6,0
715,877,0,3,0
716,184,2,6,0
716,587,0,4,0
717,752,1,3,0
717,680,0,6,0
718,805,0,4,0
718,595,0,6,0
719,934,2,6,0
719,28,0,4,0
720,692,0,0,0
720,756,2,3,0
721,1003,0,0,0
721,401,0,6,0
722,222,0,0,0
722,325,1,6,0
723,578,1,0,0
723,344,0,0,0
724,350,1,6,0
724,602,2,0,0
725,409,2,6,0
725,41,0,0,0
726,489,0,5,0
726,747,0,3,0
727,619,1,6,0
727,442,0,4,0
728,306,1,5,0
728,534,1,3,0
729,309,0,6,0
729,30,0,0,0
730,804,0,6,0
730,845,0,4,0
731,438,0,0,0
731,407,0,6,0
732,628,0,6,0
732,983,2,6,0
733,431,0,0,0
733,180,1,1,0
734,741,0,0,0
734,332,0,0,0
735,855,0,6,0
735,825,0,6,0
736,279,2,6,0
736,99,2,4,0
737,289,0,4,0
737,482,0,6,0
738,746,0,4,0
738,52,1,4,0
739,413,0,4,0
739,105,2,6,0
740,4,1,0,0
740,560,0,3,0
741,537,0,6,0
741,516,1,6,0
742,90,0,1,0
742,972,2,6,0
743,556,0,0,0
743,134,0,4,0
744,149,2,0,0
744,439,1,5,0
745,841,0,3,0
745,55,0,3,0
746,268,0,0,0
746,840,1,5,0
747,336,0,0,0
747,945,0,6,0
748,368,0,5,0
748,865,0,0,0
749,104,0,4,0
749,514,0,5,0
750,836,1,1,0
750,29,2,6,0
751,263,0,6,0
751,652,0,6,0
752,887,0,6,0
752,623,0,4,0
753,497,0,3,0
753,105,2,6,0
754,718,0,6,0
754,550,1,4,0
755,660,2,4,0
755,426,0,0,0
756,257,2,0,0
756,272,0,2,0
757,268,0,1,0
757,534,2,4,0
758,624,0,0,0
758,995,0,3,0
759,95,0,0,0
759,224,0,3,0
760,655,1,6,0
760,895,2,3,0
761,74,1,4,0
761,77,0,6,0
762,498,0,6,0
762,758,0,6,0
763,103,1,4,0
763,977,0,0,0
764,720,0,3,0
764,572,2,5,0
765,989,2,4,0
765,845,0,4,0
766,107,0,6,0
766,117,0,3,0
767,534,0,5,0
767,973,1,6,0
768,51,0,6,0
768,699,0,6,0
769,161,0,5,0
769,656,0,0,0
770,517,1,3,0
770,664,0,3,0
771,128,1,0,0
771,647,1,6,0
772,458,1,4,0
772,18,1,6,0
773,747,2,4,0
773,536,0,6,0
774,973,0,6,0
774,465,0,3,0
775,137,2,4,0
775,253,0,5,0
776,614,0,1,0
776,901,0,4,0
777,52,1,3,0
777,360,0,6,0
778,568,0,6,0
778,24,0,0,0
779,468,0,5,0
779,277,2,1,0
780,805,2,4,0
780,319,1,2,0
781,820,0,0,0
781,395,2,0,0
782,227,0,0,0
782,732,0,4,0
783,261,1,0,0
783,234,0,6,0
784,34,2,0,0
784,347,0,6,0
785,150,1,3,0
785,646,0,5,0
786,947,0,6,0
786,678,0,3,0
787,24,0,0,0
787,389,0,2,0
788,275,0,6,0
788,377,0,6,0
789,520,2,0,0
789,97,2,3,0
790,588,0,3,0
790,227,0,2,0
791,445,2,6,0
791,540,0,6,0
792,581,1,6,0
792,602,2,0,0
793,234,0,6,0
793,290,2,0,0
794,438,0,1,0
794,357,0,0,0
795,701,0,5,0
795,351,0,6,0
796,644,0,0,0
796,224,0,5,0
797,791,2,6,0
797,886,0,0,0
798,928,0,0,0
798,28,0,4,0
799,956,0,6,0
799,133,1,5,0
800,932,2,0,0
800,476,0,4,0
801,637,0,4,0
801,542,0,0,0
802,616,0,0,0
802,245,0,6,0
803,472,0,4,0
803,163,0,4,0
804,383,0,6,0
804,881,0,0,0
805,689,0,1,0
805,913,1,0,0
806,639,0,6,0
806,846,0,6,0
807,325,0,6,0
807,68,2,3,0
808,469,0,6,0
808,628,0,6,0
809,853,0,3,0
809,840,1,4,0
810,550,2,3,0
810,230,2,4,0
811,610,0,0,0
811,657,0,6,0
812,442,0,4,0
812,417,0,0,0
813,79,0,4,0
813,673,0,0,0
814,730,1,0,0
814,606,2,3,0
815,790,0,0,0
815,647,0,6,0
816,570,0,2,0
816,745,0,6,0
817,400,1,6,0
817,560,0,3,0
818,496,0,4,0
818,153,0,0,0
819,547,2,0,0
819,731,0,2,0
820,850,0,4,0
820,101,0,4,0
821,749,1,0,0
821,494,0,2,0
822,984,2,4,0
822,471,0,2,0
823,542,0,0,0
823,346,0,6,0
824,993,1,3,0
824,824,2,4,0
825,214,0,3,0
825,9,0,6,0
826,793,1,6,0
826,618,0,6,0
827,261,1,0,0
827,661,0,6,0
828,858,0,3,0
828,803,0,4,0
829,897,0,6,0
829,327,2,3,0
830,787,0,1,0
830,886,0,0,0
831,537,0,6,0
831,876,1,6,0
832,496,0,3,0
832,979,1,5,0
833,109,0,6,0
833,688,2,3,0
834,69,2,5,0
834,727,0,6,0
835,670,2,6,0
835,238,0,0,0
836,566,0,6,0
836,365,2,0,0
837,329,0,5,0
837,263,0,6,0
838,963,1,3,0
838,1007,0,0,0
839,185,0,6,0
839,799,2,0,0
840,725,2,6,1
840,154,1,4,1
841,874,1,6,1
841,92,0,5,1
842,309,0,6,1
842,285,1,6,1
843,243,1,5,1
843,523,1,1,1
844,711,1,2,1
844,995,1,5,1
845,947,1,6,1
845,386,0,2,1
846,171,1,2,1
846,908,1,6,1
847,493,0,1,1
847,118,0,6,1
848,511,1,5,1
848,920,0,6,1
849,222,1,1,1
849,508,1,5,1
850,263,1,6,1
850,766,1,4,1
851,168,0,3,1
851,908,1,6,1
852,35,1,2,1
852,79,1,5,1
853,572,0,5,1
853,80,1,1,1
854,178,1,6,1
854,129,1,1,1
855,921,0,1,1
855,448,1,6,1
856,641,1,5,1
856,266,1,1,1
857,977,1,1,1
857,185,0,6,1
858,546,1,1,1
858,930,1,1,1
859,658,0,0,1
859,515,1,1,1
860,832,2,1,1
860,173,0,5,1
861,636,2,3,1
861,292,0,3,1
862,587,1,5,1
862,113,1,3,1
863,528,1,1,1
863,877,1,5,1
864,930,0,0,1
864,759,1,1,1
865,569,0,4,1
865,334,1,5,1
866,493,0,1,1
866,521,0,4,1
867,142,1,6,1
867,50,1,3,1
868,379,1,6,1
868,280,1,6,1
869,131,1,6,1
869,50,1,4,1
870,452,2,3,1
870,383,1,6,1
871,119,1,1,1
871,313,1,4,1
872,559,1,6,1
872,926,1,4,1
873,968,2,6,1
873,114,1,1,1
874,481,1,1,1
874,33,0,4,1
875,591,1,4,1
875,864,2,1,1
876,27,1,6,1
876,980,1,6,1
877,871,1,1,1
877,711,1,1,1
878,950,1,1,1
878,884,2,1,1
879,854,0,6,1
879,625,1,6,1
880,383,1,6,1
880,795,1,1,1
881,17,1,1,1
881,545,1,2,1
882,592,0,5,1
882,303,0,5,1
883,826,2,4,1
883,817,1,3,1
884,273,1,3,1
884,412,1,1,1
885,537,1,6,1
885,706,1,2,1
886,137,1,4,1
886,125,1,1,1
887,850,1,3,1
887,887,1,6,1
888,786,1,6,1
888,581,2,6,1
889,131,2,6,1
889,256,0,5,1
890,439,0,4,1
890,622,2,1,1
891,8,0,1,1
891,364,0,6,1
892,14,0,2,1
892,169,0,6,1
893,1006,1,6,1
893,496,1,3,1
894,509,0,4,1
894,596,1,3,1
895,671,2,1,1
895,958,1,5,1
896,411,1,5,1
896,863,2,6,1
897,271,1,6,1
897,612,1,6,1
898,606,1,4,1
898,543,1,1,1
899,429,0,1,1
899,222,1,1,1
900,747,1,3,1
900,865,1,1,1
901,184,0,6,1
901,706,0,1,1
902,776,2,6,1
902,196,1,1,1
903,814,0,1,1
903,783,1,4,1
904,328,1,6,1
904,58,1,6,1
905,65,1,1,1
905,687,1,5,1
906,349,1,0,1
906,968,0,6,1
907,404,1,1,1
907,400,2,6,1
908,922,1,4,1
908,823,1,6,1
909,89,1,5,1
909,428,0,3,1
910,387,1,1,1
910,682,1,1,1
911,537,1,6,1
911,639,1,6,1
912,966,1,1,1
912,3,1,1,1
913,245,1,6,1
913,378,1,6,1
914,565,1,6,1
914,708,2,1,1
915,394,0,5,1
915,219,1,4,1
916,781,0,1,1
916,58,1,6,1
917,659,1,2,1
917,609,0,6,1
918,407,2,6,1
918,317,1,6,1
919,679,1,6,1
919,401,1,6,1
920,891,1,3,1
920,659,1,1,1
921,470,1,2,1
921,914,1,6,1
922,768,1,6,1
922,137,2,3,1
923,695,0,1,1
923,23,0,1,1
924,650,1,6,1
924,469,2,6,1
925,462,1,2,1
925,872,0,5,1
926,738,0,1,1
926,510,1,6,1
927,825,2,6,1
927,848,1,6,1
928,726,1,0,1
928,848,1,6,1
929,730,1,2,1
929,840,1,5,1
930,821,0,1,1
930,808,0,6,1
931,633,1,6,1
931,795,0,0,1
932,746,0,3,1
932,379,1,6,1
933,320,0,6,1
933,379,0,6,1
934,139,1,4,1
934,649,2,5,1
935,885,1,5,1
935,425,1,6,1
936,864,1,1,1
936,597,0,5,1
937,719,2,1,1
937,578,1,1,1
938,78,2,2,1
938,933,1,6,1
939,843,1,1,1
939,116,1,6,1
940,185,1,6,1
940,212,1,3,1
941,745,0,6,1
941,713,1,6,1
942,508,1,3,1
942,536,1,6,1
943,175,1,6,1
943,585,0,4,1
944,50,0,3,1
944,399,1,1,1
945,546,2,1,1
945,484,1,4,1
946,587,0,5,1
946,810,1,1,1
947,405,2,1,1
947,831,2,6,1
948,722,2,4,1
948,641,0,5,1
949,981,1,1,1
949,445,1,6,1
950,764,1,5,1
950,625,1,6,1
951,976,1,5,1
951,101,1,5,1
952,331,1,6,1
952,358,1,5,1
953,598,1,1,1
953,534,1,5,1
954,624,0,1,1
954,573,1,3,1
955,128,2,1,1
955,608,1,1,1
956,87,1,4,1
956,124,2,0,1
957,661,1,6,1
957,611,0,6,1
958,113,1,5,1
958,347,2,6,1
959,668,2,1,1
959,201,0,5,1
960,710,1,5,1
960,177,2,6,1
961,486,0,6,1
961,703,0,2,1
962,397,1,1,1
962,12,0,6,1
963,243,2,5,1
963,298,1,6,1
964,916,2,5,1
964,809,1,1,1
965,892,1,6,1
965,165,0,1,1
966,401,0,6,1
966,814,1,1,1
967,53,2,2,1
967,261,1,0,1
968,794,2,6,1
968,593,1,6,1
969,995,0,5,1
969,200,2,4,1
970,983,1,6,1
970,398,0,5,1
971,150,2,3,1
971,44,1,0,1
972,464,2,6,1
972,967,0,1,1
973,476,2,4,1
973,544,1,1,1
974,227,1,1,1
974,24,1,1,1
975,619,1,6,1
975,690,1,1,1
976,599,1,4,1
976,642,2,4,1
977,649,0,5,1
977,734,1,4,1
978,231,0,0,1
978,103,2,5,1
979,815,0,1,1
979,991,0,6,1
980,29,1,6,1
980,782,1,1,1
981,256,1,4,1
981,760,1,1,1
982,554,1,0,1
982,1000,1,1,1
983,302,1,6,1
983,158,2,5,1
984,486,1,6,1
984,987,1,5,1
985,535,1,6,1
985,77,1,6,1
986,716,1,5,1
986,648,0,6,1
987,608,1,1,1
987,123,1,6,1
988,533,2,1,1
988,708,0,1,1
989,291,1,1,1
989,75,1,6,1
990,731,1,1,1
990,609,2,6,1
991,258,0,6,1
991,709,1,6,1
992,644,1,2,1
992,130,1,6,1
993,514,1,5,1
993,798,1,6,1
994,976,2,4,1
994,817,1,4,1
995,164,2,6,1
995,1007,0,2,1
996,302,1,6,1
996,129,1,1,1
997,832,2,1,1
997,555,2,1,1
998,590,1,6,1
998,282,2,5,1
999,411,1,5,1
999,691,2,1,1
1000,900,1,0,1
1000,214,0,4,1
1001,790,1,1,1
1001,395,1,2,1
1002,847,2,1,1
1002,885,0,4,1
1003,357,0,1,1
1003,972,2,6,1
1004,55,2,4,1
1004,814,1,1,1
1005,340,2,4,1
1005,985,1,6,1
1006,192,1,3,1
1006,718,0,6,1
1007,648,0,6,1
1007,200,1,5,1
1008,190,1,6,1
1008,605,2,5,1
1009,932,1,1,1
1009,21,0,6,1
1010,180,2,1,1
1010,762,0,1,1
1011,355,2,6,1
1011,44,0,1,1
1012,42,1,5,1
1012,299,2,5,1
1013,318,0,6,1
1013,904,1,5,1
1014,978,1,5,1
1014,353,2,4,1
1015,943,0,6,1
1015,578,1,0,1
1016,21,1,6,1
1016,990,1,1,1
1017,854,2,6,1
1017,550,0,4,1
1018,448,2,6,1
1018,860,1,6,1
1019,324,2,3,1
1019,472,2,4,1
1020,847,2,1,1
1020,262,0,6,1
1021,59,1,1,1
1021,214,1,5,1
1022,618,1,6,1
1022,83,0,2,1
1023,413,1,5,1
1023,432,1,5,1
1024,213,2,4,1
1024,749,0,1,1
1025,352,1,3,1
1025,489,2,4,1
1026,769,2,6,1
1026,335,0,1,1
1027,960,1,5,1
1027,760,1,1,1
1028,161,0,4,1
1028,598,1,1,1
1029,828,0,4,1
1029,408,1,3,1
1030,1000,1,0,1
1030,445,1,6,1
1031,280,1,6,1
1031,510,1,6,1
1032,99,0,3,1
1032,986,2,1,1
1033,275,1,6,1
1033,478,0,1,1
1034,586,1,1,1
1034,95,1,1,1
1035,128,1,1,1
1035,323,1,4,1
1036,958,1,4,1
1036,671,1,1,1
1037,102,1,1,1
1037,580,2,2,1
1038,396,2,6,1
1038,37,1,6,1
1039,916,2,5,1
1039,455,0,0,1
1040,757,0,6,1
1040,274,2,5,1
1041,970,1,6,1
1041,109,0,6,1
1042,926,1,5,1
1042,700,1,4,1
1043,172,2,5,1
1043,616,1,1,1
1044,620,1,1,1
1044,488,1,6,1
1045,861,1,4,1
1045,793,1,6,1
1046,874,0,6,1
1046,562,1,6,1
1047,1005,2,1,1
1047,204,1,6,1
1048,275,2,6,1
1048,246,2,0,1
1049,377,2,6,1
1049,231,0,0,1
1050,853,2,4,1
1050,754,0,6,1
1051,843,1,1,1
1051,737,2,6,1
1052,410,0,1,1
1052,525,0,5,1
1053,354,1,1,1
1053,551,1,4,1
1054,354,1,0,1
1054,293,0,1,1
1055,658,0,1,1
1055,171,1,1,1
1056,657,0,6,1
1056,77,2,6,1
1057,322,1,6,1
1057,390,1,1,1
1058,797,1,3,1
1058,862,2,1,1
1059,638,1,1,1
1059,301,0,5,1
1060,321,1,1,1
1060,255,1,1,1
1061,974,1,6,1
1061,833,1,0,1
1062,267,1,1,1
1062,801,1,6,1
1063,843,1,1,1
1063,499,1,1,1
1064,778,2,4,1
1064,32,0,1,1
1065,790,1,0,1
1065,421,1,6,1
1066,909,1,6,1
1066,163,1,5,1
1067,165,0,0,1
1067,141,1,1,1
1068,687,0,5,1
1068,250,1,1,1
1069,505,1,5,1
1069,351,1,6,1
1070,857,2,5,1
1070,451,0,4,1
1071,446,0,3,1
1071,294,1,3,1
1072,775,2,1,1
1072,811,2,6,1
1073,786,1,6,1
1073,783,1,3,1
1074,369,1,1,1
1074,20,1,6,1
1075,934,1,6,1
1075,781,0,2,1
1076,806,0,6,1
1076,968,1,6,1
1077,122,2,1,1
1077,938,1,1,1
1078,563,2,1,1
1078,296,1,5,1
1079,419,1,5,1
1079,255,2,1,1
1080,564,1,1,1
1080,101,1,5,1
1081,207,2,6,1
1081,144,1,4,1
1082,704,1,3,1
1082,821,1,1,1
1083,332,1,1,1
1083,772,1,4,1
1084,929,1,1,1
1084,325,1,6,1
1085,236,1,6,1
1085,733,1,4,1
1086,925,2,5,1
1086,460,0,6,1
1087,890,1,3,1
1087,350,1,6,1
1088,895,0,4,1
1088,359,1,2,1
1089,166,1,6,1
1089,758,1,6,1
1090,920,1,6,1
1090,175,2,6,1
1091,802,2,1,1
1091,333,1,3,1
1092,600,2,5,1
1092,657,1,6,1
1093,674,2,5,1
1093,648,0,6,1
1094,879,1,6,1
1094,814,1,2,1
1095,585,1,4,1
1095,125,1,1,1
1096,325,2,6,1
1096,896,1,6,1
1097,360,1,6,1
1097,590,2,6,1
1098,1002,0,1,1
1098,734,1,4,1
1099,711,1,1,1
1099,754,1,6,1
1100,398,1,4,1
1100,803,1,5,1
1101,381,1,1,1
1101,429,1,1,1
1102,16,1,5,1
1102,769,0,6,1
1103,392,1,6,1
1103,194,0,6,1
1104,834,2,1,1
1104,372,1,4,1
1105,255,0,1,1
1105,54,0,5,1
1106,881,2,0,1
1106,910,1,1,1
1107,426,2,1,1
1107,584,1,6,1
1108,402,1,4,1
1108,361,1,1,1
1109,567,1,5,1
1109,444,1,6,1
1110,761,1,5,1
1110,235,1,3,1
1111,913,1,1,1
1111,838,1,6,1
1112,666,0,6,1
1112,873,2,0,1
1113,464,1,6,1
1113,662,1,1,1
1114,121,1,6,1
1114,998,1,4,1
1115,363,0,5,1
1115,468,1,5,1
1116,306,0,5,1
1116,681,0,1,1
1117,436,0,4,1
1117,703,1,0,1
1118,181,1,6,1
1118,987,2,3,1
1119,680,1,6,1
1119,721,1,1,1
1120,234,1,6,1
1120,606,1,5,1
1121,577,1,6,1
1121,361,2,1,1
1122,886,0,1,1
1122,301,1,5,1
1123,121,0,6,1
1123,434,1,1,1
1124,287,1,1,1
1124,296,1,4,1
1125,364,0,6,1
1125,16,1,3,1
1126,407,2,6,1
1126,500,1,6,1
1127,870,1,6,1
1127,628,1,6,1
1128,293,1,1,1
1128,736,1,5,1
1129,752,1,4,1
1129,774,1,5,1
1130,713,1,6,1
1130,178,2,6,1
1131,24,2,2,1
1131,506,0,6,1
1132,233,2,6,1
1132,855,1,6,1
1133,593,2,6,1
1133,987,1,3,1
1134,317,1,6,1
1134,41,0,1,1
1135,340,2,5,1
1135,712,1,6,1
1136,309,1,6,1
1136,677,1,5,1
1137,621,2,3,1
1137,849,1,1,1
1138,215,2,6,1
1138,938,1,1,1
1139,833,1,1,1
1139,183,1,6,1
1140,573,1,3,1
1140,126,1,1,1
1141,583,1,4,1
1141,675,1,5,1
1142,792,1,6,1
1142,938,1,1,1
1143,638,1,1,1
1143,597,1,4,1
1144,300,2,4,1
1144,269,2,1,1
1145,680,1,6,1
1145,866,0,6,1
1146,741,1,1,1
1146,824,2,5,1
1147,635,1,1,1
1147,672,1,6,1
1148,393,1,1,1
1148,975,1,5,1
1149,321,0,1,1
1149,897,1,6,1
1150,459,1,4,1
1150,108,2,4,1
1151,910,1,1,1
1151,631,2,1,1
1152,779,0,6,1
1152,416,0,5,1
1153,365,1,1,1
1153,800,1,1,1
1154,529,0,1,1
1154,817,1,3,1
1155,941,1,4,1
1155,237,1,5,1
1156,81,0,3,1
1156,248,1,6,1
1157,263,1,6,1
1157,112,0,2,1
1158,455,1,2,1
1158,111,1,5,1
1159,753,1,4,1
1159,420,0,1,1
1160,541,0,6,1
1160,877,1,5,1
1161,177,1,6,1
1161,862,1,1,1
1162,794,1,6,1
1162,149,1,0,1
1163,495,1,4,1
1163,830,2,1,1
1164,338,1,5,1
1164,234,2,6,1
1165,58,0,6,1
1165,193,0,6,1
1166,562,0,6,1
1166,579,1,1,1
1167,324,1,5,1
1167,398,1,5,1
1168,439,0,5,1
1168,348,1,2,1
1169,129,1,1,1
1169,845,1,4,1
1170,481,0,1,1
1170,379,1,6,1
1171,168,1,5,1
1171,419,0,3,1
1172,792,1,6,1
1172,644,1,1,1
1173,84,1,1,1
1173,548,2,6,1
1174,734,2,3,1
1174,337,2,5,1
1175,386,1,1,1
1175,57,1,6,1
1176,633,2,6,1
1176,34,2,1,1
1177,846,0,6,1
1177,817,0,4,1
1178,775,2,1,1
1178,49,0,3,1
1179,695,1,1,1
1179,266,1,0,1
1180,495,2,4,1
1180,499,1,1,1
1181,867,1,0,1
1181,909,1,6,1
1182,355,1,6,1
1182,143,1,6,1
1183,170,1,6,1
1183,594,1,6,1
1184,617,0,1,1
1184,739,1,1,1
1185,539,1,6,1
1185,848,0,6,1
1186,748,1,6,1
1186,566,2,6,1
1187,459,2,4,1
1187,281,1,4,1
1188,505,1,4,1
1188,900,1,1,1
1189,631,1,1,1
1189,853,1,4,1
1190,104,1,4,1
1190,712,1,6,1
1191,768,1,6,1
1191,243,2,4,1
1192,958,0,5,1
1192,433,2,6,1
1193,34,0,1,1
1193,951,1,6,1
1194,1000,0,2,1
1194,313,2,4,1
1195,710,1,4,1
1195,575,2,1,1
1196,243,0,4,1
1196,483,1,4,1
1197,409,1,6,1
1197,968,1,6,1
1198,551,1,4,1
1198,660,0,4,1
1199,875,1,0,1
1199,454,1,5,1
1200,110,2,6,1
1200,361,2,1,1
1201,235,1,4,1
1201,223,1,6,1
1202,494,1,1,1
1202,785,1,3,1
1203,437,1,1,1
1203,593,1,6,1
1204,211,1,4,1
1204,520,0,1,1
1205,957,1,5,1
1205,837,1,1,1
1206,286,2,6,1
1206,247,1,6,1
1207,573,1,4,1
1207,54,1,4,1
1208,620,1,1,1
1208,20,0,6,1
1209,906,0,6,1
1209,698,1,3,1
1210,115,2,6,1
1210,332,1,1,1
1211,975,0,5,1
1211,318,2,6,1
1212,276,1,5,1
1212,61,2,5,1
1213,111,1,5,1
1213,157,1,4,1
1214,264,2,6,1
1214,323,2,4,1
1215,428,1,3,1
1215,773,1,1,1
1216,994,1,6,1
1216,308,2,1,1
1217,510,0,6,1
1217,832,0,2,1
1218,613,0,6,1
1218,787,1,1,1
1219,336,1,1,1
1219,123,1,6,1
1220,218,2,6,1
1220,1005,2,1,1
1221,147,1,4,1
1221,432,2,3,1
1222,279,1,6,1
1222,313,1,5,1
1223,706,1,1,1
1223,40,1,0,1
1224,144,1,4,1
1224,343,1,6,1
1225,137,1,4,1
1225,80,1,1,1
1226,452,1,4,1
1226,495,0,4,1
1227,836,2,1,1
1227,755,1,6,1
1228,759,1,1,1
1228,487,2,1,1
1229,565,1,6,1
1229,183,0,6,1
1230,835,1,1,1
1230,722,0,4,1
1231,322,1,6,1
1231,695,1,2,1
1232,989,1,3,1
1232,246,1,1,1
1233,276,1,5,1
1233,67,0,4,1
1234,274,1,3,1
1234,924,1,6,1
1235,932,1,1,1
1235,738,1,0,1
1236,78,1,1,1
1236,314,1,4,1
1237,765,1,6,1
1237,65,0,1,1
1238,292,1,5,1
1238,316,1,1,1
1239,376,0,1,1
1239,961,1,1,1
1240,632,1,3,1
1240,330,1,6,1
1241,293,1,1,1
1241,462,1,1,1
1242,514,1,5,1
1242,275,0,6,1
1243,297,2,1,1
1243,77,1,6,1
1244,631,0,1,1
1244,417,1,1,1
1245,555,2,1,1
1245,423,1,0,1
1246,125,0,2,1
1246,31,1,1,1
1247,494,1,1,1
1247,214,0,5,1
1248,547,2,1,1
1248,194,1,6,1
1249,982,1,1,1
1249,286,2,6,1
1250,891,1,5,1
1250,73,1,1,1
1251,339,2,5,1
1251,675,1,5,1
1252,369,2,1,1
1252,448,0,6,1
1253,983,1,6,1
1253,820,0,1,1
1254,143,2,6,1
1254,885,2,5,1
1255,972,2,6,1
1255,469,0,6,1
1256,337,0,3,1
1256,467,1,5,1
1257,418,1,6,1
1257,753,1,5,1
1258,478,1,1,1
1258,946,0,1,1
1259,490,1,6,1
1259,242,1,5,1
1260,852,1,4,1
1260,91,2,5,1
1261,582,1,5,1
1261,937,1,1,1
1262,840,1,4,1
1262,335,1,1,1
1263,727,1,6,1
1263,765,1,6,1
1264,837,1,1,1
1264,842,1,4,1
1265,82,1,5,1
1265,799,1,1,1
1266,937,2,1,1
1266,76,0,1,1
1267,597,0,5,1
1267,791,1,6,1
1268,581,1,6,1
1268,203,0,5,1
1269,442,1,5,1
1269,341,1,6,1
1270,69,2,5,1
1270,739,2,1,1
1271,332,1,1,1
1271,267,1,1,1
1272,308,0,1,1
1272,934,0,6,1
1273,665,0,6,1
1273,576,1,3,1
1274,311,1,1,1
1274,317,1,6,1
1275,502,2,1,1
1275,660,1,5,1
1276,396,1,6,1
1276,583,2,5,1
1277,800,0,2,1
1277,27,1,6,1
1278,312,0,5,1
1278,182,1,6,1
1279,949,2,4,1
1279,202,2,5,1
1280,979,1,5,1
1280,1000,1,1,1
1281,642,1,5,1
1281,854,1,6,1
1282,331,1,6,1
1282,238,1,1,1
1283,3,1,2,1
1283,255,0,1,1
1284,775,1,1,1
1284,498,2,6,1
1285,326,2,1,1
1285,133,0,4,1
1286,529,1,1,1
1286,756,2,4,1
1287,419,1,4,1
1287,393,1,1,1
1288,526,2,4,1
1288,552,0,1,1
1289,46,1,4,1
1289,447,0,6,1
1290,791,1,6,1
1290,491,1,1,1
1291,450,1,5,1
1291,785,1,5,1
1292,191,1,6,1
1292,918,1,6,1
1293,909,1,6,1
1293,889,1,6,1
1294,765,2,6,1
1294,283,2,4,1
1295,612,1,6,1
1295,590,2,6,1
1296,440,1,3,1
1296,833,1,1,1
1297,438,1,1,1
1297,13,0,1,1
1298,630,1,6,1
1298,746,1,4,1
1299,960,1,4,1
1299,260,1,5,1
1300,929,1,1,1
1300,984,1,4,1
1301,180,1,2,1
1301,755,1,6,1
1302,449,2,6,1
1302,964,2,1,1
1303,31,1,1,1
1303,345,0,3,1
1304,326,1,1,1
1304,584,1,6,1
1305,882,1,6,1
1305,623,2,5,1
1306,141,0,1,1
1306,843,2,2,1
1307,683,1,1,1
1307,244,1,6,1
1308,230,2,4,1
1308,519,2,4,1
1309,911,1,6,1
1309,205,0,1,1
1310,688,1,5,1
1310,230,1,4,1
1311,521,2,4,1
1311,239,1,6,1
1312,934,2,6,1
1312,727,1,6,1
1313,922,1,4,1
1313,614,1,1,1
1314,584,1,6,1
1314,231,1,1,1
1315,484,1,3,1
1315,861,1,4,1
1316,668,1,1,1
1316,509,2,5,1
1317,364,1,6,1
1317,236,0,6,1
1318,164,1,6,1
1318,558,2,1,1
1319,780,1,6,1
1319,296,1,3,1
1320,981,1,2,1
1320,466,0,1,1
1321,461,2,6,1
1321,552,0,1,1
1322,880,1,4,1
1322,996,0,3,1
1323,1001,2,1,1
1323,2,0,4,1
1324,366,1,4,1
1324,575,1,1,1
1325,558,0,1,1
1325,505,1,4,1
1326,852,0,3,1
1326,455,0,1,1
1327,425,2,6,1
1327,326,1,1,1
1328,585,0,5,1
1328,23,1,0,1
1329,220,1,6,1
1329,10,2,5,1
1330,111,1,5,1
1330,143,2,6,1
1331,24,1,1,1
1331,163,0,5,1
1332,672,2,6,1
1332,358,1,3,1
1333,474,0,4,1
1333,823,1,6,1
1334,828,2,5,1
1334,241,1,6,1
1335,488,1,6,1
1335,758,0,6,1
1336,994,1,6,1
1336,916,1,4,1
1337,804,1,6,1
1337,916,0,3,1
1338,14,2,1,1
1338,190,1,6,1
1339,553,1,6,1
1339,164,1,6,1
1340,775,1,1,1
1340,945,2,6,1
1341,614,1,0,1
1341,807,0,6,1
1342,257,0,1,1
1342,421,1,6,1
1343,767,2,5,1
1343,240,2,2,1
1344,309,1,6,1
1344,380,0,6,1
1345,723,0,6,1
1345,744,0,3,1
1346,55,1,4,1
1346,97,2,5,1
1347,383,2,6,1
1347,606,0,5,1
1348,54,1,4,1
1348,757,1,6,1
1349,43,1,5,1
1349,127,1,1,1
1350,490,1,6,1
1350,658,2,1,1
1351,330,0,6,1
1351,349,1,0,1
1352,969,1,1,1
1352,20,1,6,1
1353,414,1,1,1
1353,977,0,1,1
1354,244,0,6,1
1354,595,1,6,1
1355,863,1,6,1
1355,748,2,6,1
1356,956,1,6,1
1356,808,1,6,1
1357,120,2,6,1
1357,975,1,3,1
1358,46,2,5,1
1358,562,1,6,1
1359,82,0,3,1
1359,961,2,1,1
1360,912,1,1,1
1360,865,1,1,1
1361,273,0,4,1
1361,714,2,6,1
1362,488,1,6,1
1362,564,0,1,1
1363,354,1,1,1
1363,376,1,0,1
1364,187,1,1,1
1364,142,0,6,1
1365,36,0,1,1
1365,225,0,4,1
1366,808,1,6,1
1366,671,1,2,1
1367,373,1,2,1
1367,253,1,5,1
1368,528,1,0,1
1368,893,1,1,1
1369,279,1,6,1
1369,444,1,6,1
1370,188,2,6,1
1370,144,2,4,1
1371,9,1,6,1
1371,78,1,1,1
1372,203,2,5,1
1372,663,2,1,1
1373,935,2,6,1
1373,419,0,4,1
1374,830,1,2,1
1374,365,1,1,1
1375,195,1,1,1
1375,816,2,1,1
1376,76,2,1,1
1376,619,1,6,1
1377,633,0,6,1
1377,903,1,6,1
1378,493,1,0,1
1378,949,1,4,1
1379,1006,0,6,1
1379,558,2,1,1
1380,354,1,1,1
1380,264,2,6,1
1381,903,1,6,1
1381,751,1,1,1
1382,539,1,6,1
1382,698,1,4,1
1383,228,2,1,1
1383,574,1,5,1
1384,629,1,5,1
1384,374,0,1,1
1385,456,0,1,1
1385,457,1,6,1
1386,292,1,4,1
1386,997,0,0,1
1387,86,1,6,1
1387,392,1,6,1
1388,256,1,5,1
1388,781,0,1,1
1389,510,2,6,1
1389,126,2,0,1
1390,724,1,5,1
1390,749,0,1,1
1391,699,1,6,1
1391,870,0,6,1
1392,839,0,1,1
1392,250,0,1,1
1393,5,0,1,1
1393,111,2,5,1
1394,603,1,5,1
1394,622,0,1,1
1395,284,1,6,1
1395,860,1,6,1
1396,703,2,1,1
1396,652,1,6,1
1397,117,1,5,1
1397,713,1,6,1
1398,563,1,1,1
1398,986,1,1,1
1399,513,2,1,1
1399,523,0,1,1
1400,473,2,6,1
1400,307,2,1,1
1401,527,1,1,1
1401,815,1,2,1
1402,907,1,6,1
1402,882,1,6,1
1403,140,2,1,1
1403,714,1,6,1
1404,155,1,2,1
1404,478,2,0,1
1405,634,1,6,1
1405,490,2,6,1
1406,608,1,1,1
1406,691,1,1,1
1407,175,0,6,1
1407,404,1,2,1
1408,27,1,6,1
1408,111,1,5,1
1409,952,0,5,1
1409,407,2,6,1
1410,198,1,1,1
1410,447,1,6,1
1411,873,2,1,1
1411,663,2,1,1
1412,190,1,6,1
1412,627,1,5,1
1413,722,0,4,1
1413,48,1,2,1
1414,666,1,6,1
1414,334,2,3,1
1415,728,1,5,1
1415,656,0,1,1
1416,57,1,6,1
1416,256,2,3,1
1417,377,2,6,1
1417,321,2,1,1
1418,549,1,6,1
1418,543,2,1,1
1419,247,0,6,1
1419,221,0,1,1
1420,200,2,5,1
1420,39,1,6,1
1421,556,2,1,1
1421,509,1,4,1
1422,993,0,3,1
1422,51,1,6,1
1423,222,1,1,1
1423,783,0,4,1
1424,994,1,6,1
1424,593,0,6,1
1425,458,1,4,1
1425,835,2,1,1
1426,439,1,4,1
1426,941,1,5,1
1427,449,1,6,1
1427,16,1,3,1
1428,813,1,1,1
1428,950,1,1,1
1429,448,1,6,1
1429,746,1,4,1
1430,988,0,6,1
1430,187,1,0,1
1431,460,2,6,1
1431,60,2,3,1
1432,262,0,6,1
1432,38,0,1,1
1433,53,1,1,1
1433,748,1,6,1
1434,381,1,1,1
1434,831,1,6,1
1435,732,1,5,1
1435,227,1,1,1
1436,796,1,5,1
1436,751,1,1,1
1437,90,1,1,1
1437,677,0,5,1
1438,431,0,1,1
1438,441,1,5,1
1439,538,1,5,1
1439,342,1,4,1
1440,736,1,3,1
1440,186,1,6,1
1441,948,0,1,1
1441,757,1,6,1
1442,530,0,4,1
1442,689,1,2,1
1443,292,0,3,1
1443,474,1,5,1
1444,8,1,1,1
1444,839,1,1,1
1445,857,0,4,1
1445,904,1,5,1
1446,713,1,6,1
1446,633,1,6,1
1447,31,1,2,1
1447,380,1,6,1
1448,399,1,1,1
1448,368,1,3,1
1449,311,1,1,1
1449,763,1,6,1
1450,522,1,4,1
1450,741,1,1,1
1451,351,1,6,1
1451,661,1,6,1
1452,1003,1,0,1
1452,429,1,1,1
1453,84,1,1,1
1453,457,1,6,1
1454,702,2,1,1
1454,480,1,5,1
1455,507,0,0,1
1455,151,2,1,1
1456,760,1,1,1
1456,22,2,2,1
1457,208,2,5,1
1457,536,1,6,1
1458,892,2,6,1
1458,997,1,2,1
1459,743,0,4,1
1459,418,1,6,1
1460,804,1,6,1
1460,300,1,4,1
1461,382,0,6,1
1461,597,0,3,1
1462,322,0,6,1
1462,513,1,2,1
1463,56,1,6,1
1463,1001,1,1,1
1464,995,1,5,1
1464,848,1,6,1
1465,806,0,6,1
1465,754,1,6,1
1466,676,0,1,1
1466,147,2,5,1
1467,143,1,6,1
1467,417,1,2,1
1468,131,1,6,1
1468,841,0,4,1
1469,696,1,1,1
1469,37,1,6,1
1470,163,1,4,1
1470,244,1,6,1
1471,928,0,1,1
1471,673,2,1,1
1472,132,0,6,1
1472,993,1,4,1
1473,57,1,6,1
1473,38,2,1,1
1474,742,0,6,1
1474,900,1,2,1
1475,974,2,6,1
1475,500,1,6,1
1476,688,0,5,1
1476,978,1,4,1
1477,471,1,1,1
1477,232,1,3,1
1478,304,0,4,1
1478,91,1,4,1
1479,451,1,5,1
1479,939,2,1,1
1480,501,1,1,1
1480,17,1,1,1
1481,387,1,1,1
1481,532,1,6,1
1482,390,1,1,1
1482,470,1,1,1
1483,99,1,5,1
1483,808,1,6,1
1484,755,2,6,1
1484,731,1,1,1
1485,137,1,5,1
1485,562,2,6,1
1486,702,1,1,1
1486,859,0,5,1
1487,393,1,1,1
1487,879,1,6,1
1488,494,1,1,1
1488,265,0,6,1
1489,670,1,6,1
1489,303,1,4,1
1490,120,1,6,1
1490,117,1,3,1
1491,152,1,3,1
1491,482,1,6,1
1492,889,1,6,1
1492,144,0,4,1
1493,313,1,4,1
1493,98,0,3,1
1494,204,1,6,1
1494,383,1,6,1
1495,187,2,1,1
1495,239,2,6,1
1496,307,1,1,1
1496,210,1,5,1
1497,835,1,1,1
1497,73,0,2,1
1498,81,0,5,1
1498,906,1,6,1
1499,579,2,1,1
1499,940,2,5,1
1500,314,2,5,1
1500,404,1,2,1
1501,862,1,1,1
1501,961,2,2,1
1502,68,1,3,1
1502,609,0,6,1
1503,958,1,3,1
1503,36,1,1,1
1504,148,2,4,1
1504,517,1,5,1
1505,347,0,6,1
1505,792,1,6,1
1506,86,0,6,1
1506,697,1,4,1
1507,886,2,1,1
1507,787,1,1,1
1508,341,1,6,1
1508,260,1,5,1
1509,61,1,4,1
1509,154,1,5,1
1510,535,1,6,1
1510,219,1,4,1
1511,79,1,3,1
1511,2,2,4,1
1512,567,1,5,1
1512,259,2,1,1
1513,896,2,6,1
1513,251,1,6,1
1514,501,1,1,1
1514,357,1,1,1
1515,246,0,1,1
1515,465,1,5,1
1516,292,0,5,1
1516,953,1,6,1
1517,67,1,4,1
1517,60,2,4,1
1518,646,0,5,1
1518,441,2,4,1
1519,963,0,5,1
1519,807,0,6,1
1520,360,0,6,1
1520,598,1,1,1
1521,94,0,1,1
1521,1001,2,1,1
1522,315,0,1,1
1522,658,2,1,1
1523,13,1,1,1
1523,376,1,1,1
1524,182,1,6,1
1524,362,2,4,1
1525,819,1,0,1
1525,194,1,6,1
1526,343,0,6,1
1526,546,2,1,1
1527,978,1,3,1
1527,227,2,1,1
1528,154,0,3,1
1528,538,0,3,1
1529,138,2,1,1
1529,141,1,2,1
1530,240,1,1,1
1530,420,1,1,1
1531,371,1,1,1
1531,352,1,4,1
1532,413,1,5,1
1532,58,1,6,1
1533,76,1,1,1
1533,334,1,5,1
1534,151,1,1,1
1534,463,1,5,1
1535,393,1,1,1
1535,341,2,6,1
1536,96,2,6,1
1536,113,1,5,1
1537,593,1,6,1
1537,996,1,5,1
1538,470,1,1,1
1538,470,0,1,1
1539,269,2,1,1
1539,129,1,1,1
1540,260,1,4,1
1540,397,1,0,1
1541,425,2,6,1
1541,611,1,6,1
1542,291,1,1,1
1542,43,1,3,1
1543,395,0,1,1
1543,348,0,2,1
1544,740,2,3,1
1544,71,1,6,1
1545,946,1,1,1
1545,245,2,6,1
1546,185,0,6,1
1546,780,0,6,1
1547,434,2,1,1
1547,89,1,4,1
1548,607,2,6,1
1548,226,1,6,1
1549,528,1,1,1
1549,328,2,6,1
1550,80,0,1,1
1550,152,1,4,1
1551,687,2,5,1
1551,615,1,6,1
1552,272,1,1,1
1552,869,1,5,1
1553,513,0,1,1
1553,373,2,1,1
1554,617,0,1,1
1554,913,2,1,1
1555,161,0,5,1
1555,604,1,1,1
1556,724,1,5,1
1556,408,1,5,1
1557,181,0,6,1
1557,949,1,5,1
1558,212,1,5,1
1558,167,1,2,1
1559,264,2,6,1
1559,77,1,6,1
1560,384,1,6,1
1560,681,1,1,1
1561,465,1,5,1
1561,953,2,6,1
1562,370,1,6,1
1562,281,0,4,1
1563,121,2,6,1
1563,568,1,6,1
1564,71,1,6,1
1564,778,2,5,1
1565,399,1,1,1
1565,422,0,5,1
1566,709,0,6,1
1566,773,1,1,1
1567,801,2,6,1
1567,723,1,6,1
1568,174,1,1,1
1568,32,2,1,1
1569,762,1,2,1
1569,315,1,1,1
1570,385,1,6,1
1570,450,0,3,1
1571,851,2,1,1
1571,190,2,6,1
1572,931,2,6,1
1572,605,2,5,1
1573,882,0,6,1
1573,752,1,5,1
1574,183,1,6,1
1574,63,1,1,1
1575,917,1,1,1
1575,65,1,1,1
1576,275,0,6,1
1576,764,2,3,1
1577,935,1,6,1
1577,725,2,6,1
1578,400,0,6,1
1578,7,1,0,1
1579,106,0,6,1
1579,624,1,1,1
1580,717,1,5,1
1580,221,2,1,1
1581,125,2,1,1
1581,113,2,4,1
1582,673,2,1,1
1582,954,1,4,1
1583,43,1,5,1
1583,922,0,5,1
1584,730,2,2,1
1584,734,1,3,1
1585,687,1,3,1
1585,599,1,5,1
1586,563,2,1,1
1586,88,2,6,1
1587,944,2,6,1
1587,860,1,6,1
1588,216,0,5,1
1588,523,1,1,1
1589,699,1,6,1
1589,540,2,6,1
1590,769,1,6,1
1590,516,1,6,1
1591,825,0,6,1
1591,495,1,3,1
1592,923,1,6,1
1592,14,2,1,1
1593,865,1,1,1
1593,390,2,1,1
1594,352,1,3,1
1594,28,1,4,1
1595,366,2,4,1
1595,331,1,6,1
1596,690,0,2,1
1596,228,1,1,1
1597,869,0,3,1
1597,883,1,4,1
1598,572,0,3,1
1598,617,1,1,1
1599,63,1,1,1
1599,49,0,4,1
1600,851,0,1,1
1600,26,0,6,1
1601,1007,1,2,1
1601,386,1,1,1
1602,634,2,6,1
1602,511,2,5,1
1603,460,1,6,1
1603,423,0,1,1
1604,561,1,0,1
1604,542,2,1,1
1605,574,1,3,1
1605,41,1,1,1
1606,176,1,5,1
1606,213,1,4,1
1607,766,1,4,1
1607,516,0,6,1
1608,277,0,1,1
1608,974,0,6,1
1609,67,2,4,1
1609,986,1,0,1
1610,503,1,5,1
1610,685,1,0,1
1611,411,1,3,1
1611,458,1,4,1
1612,250,0,1,1
1612,571,1,4,1
1613,277,2,1,1
1613,873,1,0,1
1614,777,1,5,1
1614,216,1,5,1
1615,90,1,0,1
1615,362,1,4,1
1616,187,0,2,1
1616,176,1,3,1
1617,1007,0,1,1
1617,416,0,5,1
1618,589,1,1,1
1618,889,0,6,1
1619,211,1,3,1
1619,922,1,3,1
1620,730,1,1,1
1620,44,1,1,1
1621,453,2,5,1
1621,618,2,6,1
1622,705,0,6,1
1622,694,1,0,1
1623,829,2,2,1
1623,162,1,1,1
1624,931,1,6,1
1624,470,1,2,1
1625,988,1,6,1
1625,303,1,4,1
1626,221,0,1,1
1626,905,1,1,1
1627,739,2,1,1
1627,529,1,1,1
1628,428,1,5,1
1628,477,1,4,1
1629,954,1,3,1
1629,592,1,5,1
1630,701,1,5,1
1630,559,1,6,1
1631,652,1,6,1
1631,33,1,4,1
1632,123,0,6,1
1632,235,1,5,1
1633,717,1,4,1
1633,83,2,1,1
1634,717,1,5,1
1634,47,1,5,1
1635,821,1,1,1
1635,338,1,5,1
1636,802,2,1,1
1636,655,2,6,1
1637,594,0,6,1
1637,878,2,1,1
1638,878,1,1,1
1638,570,2,1,1
1639,349,1,1,1
1639,501,1,2,1
1640,939,1,1,1
1640,750,1,6,1
1641,460,1,6,1
1641,96,1,6,1
1642,517,0,5,1
1642,185,1,6,1
1643,965,2,1,1
1643,259,2,2,1
1644,288,2,6,1
1644,804,1,6,1
1645,925,1,4,1
1645,613,0,6,1
1646,850,0,4,1
1646,862,0,2,1
1647,55,1,4,1
1647,907,1,6,1
1648,300,1,4,1
1648,135,1,1,1
1649,565,1,6,1
1649,422,2,4,1
1650,25,1,1,1
1650,36,1,2,1
1651,900,1,1,1
1651,584,1,6,1
1652,455,1,2,1
1652,468,0,4,1
1653,978,1,4,1
1653,342,1,3,1
1654,531,1,5,1
1654,937,1,1,1
1655,173,1,3,1
1655,411,1,3,1
1656,136,1,5,1
1656,305,1,6,1
1657,157,1,4,1
1657,620,1,1,1
1658,466,1,1,1
1658,132,1,6,1
1659,13,1,1,1
1659,822,2,5,1
1660,942,1,1,1
1660,585,1,5,1
1661,845,1,3,1
1661,611,0,6,1
1662,384,0,6,1
1662,686,1,4,1
1663,556,2,1,1
1663,702,1,0,1
1664,265,2,6,1
1664,38,1,1,1
1665,829,1,1,1
1665,7,1,1,1
1666,827,1,1,1
1666,132,1,6,1
1667,295,1,2,1
1667,882,1,6,1
1668,645,1,1,1
1668,456,0,1,1
1669,420,2,1,1
1669,682,2,2,1
1670,651,0,5,1
1670,945,1,6,1
1671,130,0,6,1
1671,282,1,4,1
1672,269,1,1,1
1672,85,1,5,1
1673,49,0,4,1
1673,160,1,4,1
1674,367,1,6,1
1674,704,1,4,1
1675,184,0,6,1
1675,953,1,6,1
1676,397,0,1,1
1676,727,0,6,1
1677,387,0,1,1
1677,277,1,1,1
1678,201,1,4,1
1678,577,0,6,1
1679,198,1,0,1
1679,847,1,1,1
1680,306,2,4,2
1680,487,2,2,2
1681,896,0,6,2
1681,226,2,6,2
1682,622,1,2,2
1682,7,0,0,2
1683,688,1,5,2
1683,849,0,0,2
1684,660,2,4,2
1684,914,2,6,2
1685,812,2,3,2
1685,452,2,5,2
1686,425,2,6,2
1686,779,2,6,2
1687,952,1,4,2
1687,270,1,2,2
1688,165,2,1,2
1688,229,2,0,2
1689,1003,2,2,2
1689,742,1,6,2
1690,888,2,2,2
1690,60,0,5,2
1691,451,0,3,2
1691,381,1,2,2
1692,530,2,3,2
1692,719,1,0,2
1693,659,2,2,2
1693,268,2,1,2
1694,180,2,2,2
1694,150,1,5,2
1695,311,2,2,2
1695,979,1,5,2
1696,697,0,4,2
1696,394,0,3,2
1697,890,1,3,2
1697,880,2,4,2
1698,650,2,6,2
1698,724,2,3,2
1699,13,0,2,2
1699,359,0,2,2
1700,212,2,4,2
1700,21,2,6,2
1701,592,1,3,2
1701,788,2,2,2
1702,186,2,6,2
1702,844,0,5,2
1703,223,2,6,2
1703,998,2,5,2
1704,870,0,6,2
1704,580,2,2,2
1705,297,1,2,2
1705,616,2,2,2
1706,990,2,2,2
1706,76,2,2,2
1707,34,2,2,2
1707,863,1,6,2
1708,359,2,2,2
1708,132,2,6,2
1709,607,1,6,2
1709,636,2,3,2
1710,173,2,3,2
1710,314,0,3,2
1711,244,0,6,2
1711,40,1,2,2
1712,716,1,5,2
1712,536,1,6,2
1713,113,1,3,2
1713,871,0,2,2
1714,749,1,2,2
1714,305,0,6,2
1715,656,2,2,2
1715,930,0,0,2
1716,248,2,6,2
1716,446,1,3,2
1717,690,1,1,2
1717,838,2,6,2
1718,48,1,2,2
1718,349,2,2,2
1719,512,2,2,2
1719,415,2,6,2
1720,83,2,2,2
1720,991,2,6,2
1721,324,1,3,2
1721,220,2,6,2
1722,31,2,2,2
1722,213,2,3,2
1723,796,2,5,2
1723,543,2,2,2
1724,793,2,6,2
1724,365,1,2,2
1725,700,2,3,2
1725,841,0,5,2
1726,904,1,4,2
1726,846,1,6,2
1727,505,2,4,2
1727,921,2,2,2
1728,714,2,6,2
1728,881,1,2,2
1729,881,1,1,2
1729,189,2,6,2
1730,504,2,5,2
1730,673,0,2,2
1731,339,2,5,2
1731,577,1,6,2
1732,9,0,6,2
1732,408,2,4,2
1733,735,0,5,2
1733,919,2,5,2
1734,619,2,6,2
1734,715,2,2,2
1735,391,1,2,2
1735,571,0,5,2
1736,561,2,2,2
1736,856,2,6,2
1737,752,2,5,2
1737,88,2,6,2
1738,371,2,2,2
1738,497,2,3,2
1739,367,0,6,2
1739,78,2,2,2
1740,388,1,2,2
1740,624,0,2,2
1741,899,1,2,2
1741,300,1,3,2
1742,38,0,0,2
1742,705,2,6,2
1743,545,0,2,2
1743,697,1,5,2
1744,740,2,4,2
1744,390,2,2,2
1745,878,1,2,2
1745,591,2,5,2
1746,109,0,6,2
1746,481,2,2,2
1747,674,2,3,2
1747,975,2,4,2
1748,218,0,6,2
1748,245,2,6,2
1749,798,2,6,2
1749,708,1,2,2
1750,318,2,6,2
1750,64,1,6,2
1751,195,2,2,2
1751,461,2,6,2
1752,533,1,2,2
1752,691,0,2,2
1753,773,2,0,2
1753,924,1,6,2
1754,228,2,2,2
1754,138,2,2,2
1755,541,2,6,2
1755,677,2,5,2
1756,30,0,2,2
1756,410,2,0,2
1757,962,0,2,2
1757,722,2,4,2
1758,276,2,5,2
1758,867,2,2,2
1759,625,2,6,2
1759,157,1,3,2
1760,910,2,1,2
1760,649,2,5,2
1761,457,2,6,2
1761,863,0,6,2
1762,200,2,3,2
1762,982,2,2,2
1763,530,2,4,2
1763,286,2,6,2
1764,1004,1,1,2
1764,526,2,5,2
1765,333,2,4,2
1765,933,2,6,2
1766,554,2,2,2
1766,165,2,2,2
1767,666,2,6,2
1767,951,2,6,2
1768,182,1,6,2
1768,618,1,6,2
1769,241,2,6,2
1769,387,1,2,2
1770,102,0,2,2
1770,65,0,0,2
1771,156,2,0,2
1771,698,0,3,2
1772,389,1,2,2
1772,455,2,0,2
1773,382,0,6,2
1773,469,1,6,2
1774,302,0,6,2
1774,2,2,3,2
1775,840,0,5,2
1775,913,0,2,2
1776,630,0,6,2
1776,153,2,0,2
1777,544,1,2,2
1777,920,1,6,2
1778,406,0,5,2
1778,218,1,6,2
1779,884,0,2,2
1779,776,2,6,2
1780,655,0,6,2
1780,25,2,2,2
1781,508,2,3,2
1781,122,1,2,2
1782,725,2,6,2
1782,766,2,3,2
1783,800,1,2,2
1783,761,0,4,2
1784,273,1,3,2
1784,596,2,5,2
1785,874,2,6,2
1785,414,1,2,2
1786,285,2,6,2
1786,42,2,5,2
1787,546,1,2,2
1787,543,2,2,2
1788,617,2,2,2
1788,315,2,1,2
1789,6,2,2,2
1789,861,1,4,2
1790,33,2,4,2
1790,179,0,6,2
1791,600,2,4,2
1791,283,1,5,2
1792,797,0,3,2
1792,715,2,2,2
1793,201,0,5,2
1793,96,0,6,2
1794,322,0,6,2
1794,142,2,6,2
1795,482,2,6,2
1795,653,2,3,2
1796,81,1,5,2
1796,388,2,2,2
1797,555,2,2,2
1797,232,2,5,2
1798,453,2,3,2
1798,927,0,1,2
1799,654,2,2,2
1799,189,2,6,2
1800,487,0,2,2
1800,106,1,6,2
1801,902,2,6,2
1801,212,2,4,2
1802,256,2,5,2
1802,423,2,2,2
1803,974,1,6,2
1803,445,0,6,2
1804,888,2,0,2
1804,576,1,3,2
1805,755,1,6,2
1805,581,0,6,2
1806,356,1,6,2
1806,304,1,5,2
1807,638,2,2,2
1807,541,1,6,2
1808,779,2,6,2
1808,816,0,2,2
1809,254,2,6,2
1809,519,2,4,2
1810,252,1,2,2
1810,363,1,5,2
1811,735,2,3,2
1811,62,2,6,2
1812,740,0,3,2
1812,770,0,6,2
1813,432,2,3,2
1813,259,0,2,2
1814,842,2,3,2
1814,479,2,4,2
1815,213,1,4,2
1815,636,0,3,2
1816,945,2,6,2
1816,297,2,2,2
1817,27,1,6,2
1817,424,0,3,2
1818,825,2,6,2
1818,643,1,2,2
1819,1005,2,2,2
1819,930,1,2,2
1820,64,0,6,2
1820,155,0,2,2
1821,101,2,5,2
1821,966,2,2,2
1822,559,1,6,2
1822,616,2,0,2
1823,220,2,6,2
1823,812,2,3,2
1824,433,1,6,2
1824,880,1,3,2
1825,985,2,6,2
1825,717,0,3,2
1826,450,2,5,2
1826,247,2,6,2
1827,441,2,4,2
1827,220,2,6,2
1828,545,1,2,2
1828,852,2,4,2
1829,46,2,5,2
1829,575,0,2,2
1830,898,2,4,2
1830,225,2,3,2
1831,604,2,2,2
1831,178,0,6,2
1832,707,2,3,2
1832,295,2,2,2
1833,939,2,2,2
1833,145,2,2,2
1834,955,0,2,2
1834,802,2,2,2
1835,345,2,5,2
1835,899,0,2,2
1836,373,2,2,2
1836,651,2,3,2
1837,102,0,2,2
1837,541,1,6,2
1838,866,1,6,2
1838,664,1,4,2
1839,430,2,6,2
1839,950,2,2,2
1840,610,0,2,2
1840,215,2,6,2
1841,977,2,2,2
1841,435,2,6,2
1842,119,1,2,2
1842,310,2,3,2
1843,614,2,2,2
1843,94,2,2,2
1844,473,2,6,2
1844,951,1,6,2
1845,338,2,3,2
1845,767,2,3,2
1846,384,0,6,2
1846,991,1,6,2
1847,40,2,2,2
1847,598,2,2,2
1848,933,2,6,2
1848,515,1,2,2
1849,627,0,3,2
1849,856,2,6,2
1850,726,2,1,2
1850,127,2,2,2
1851,473,2,6,2
1851,203,2,3,2
1852,153,0,2,2
1852,95,0,2,2
1853,11,0,3,2
1853,290,2,2,2
1854,197,2,2,2
1854,902,2,6,2
1855,953,2,6,2
1855,376,2,2,2
1856,316,2,2,2
1856,699,1,6,2
1857,168,2,3,2
1857,335,2,2,2
1858,774,0,5,2
1858,532,1,6,2
1859,129,2,2,2
1859,656,1,2,2
1860,19,2,4,2
1860,464,2,6,2
1861,368,0,5,2
1861,413,2,4,2
1862,790,1,2,2
1862,216,0,5,2
1863,94,2,2,2
1863,545,2,2,2
1864,107,2,6,2
1864,981,1,2,2
1865,446,2,3,2
1865,118,0,6,2
1866,389,2,2,2
1866,503,2,3,2
1867,546,2,2,2
1867,948,2,2,2
1868,139,0,5,2
1868,919,2,5,2
1869,19,2,3,2
1869,346,1,6,2
1870,902,2,6,2
1870,504,2,3,2
1871,98,1,3,2
1871,242,2,5,2
1872,341,1,6,2
1872,423,0,2,2
1873,145,2,2,2
1873,991,2,6,2
1874,334,1,4,2
1874,721,0,2,2
1875,253,1,4,2
1875,598,0,2,2
1876,686,2,5,2
1876,918,0,6,2
1877,208,1,3,2
1877,816,2,2,2
1878,291,2,1,2
1878,419,1,4,2
1879,867,2,2,2
1879,788,2,2,2
1880,969,1,2,2
1880,290,2,2,2
1881,204,2,6,2
1881,863,0,6,2
1882,371,0,2,2
1882,191,2,6,2
1883,586,2,2,2
1883,360,2,6,2
1884,921,2,2,2
1884,188,1,6,2
1885,844,1,3,2
1885,573,2,5,2
1886,610,2,2,2
1886,523,1,2,2
1887,484,2,4,2
1887,343,2,6,2
1888,959,2,6,2
1888,6,0,2,2
1889,756,0,3,2
1889,283,2,4,2
1890,873,1,2,2
1890,627,2,3,2
1891,301,1,3,2
1891,437,2,2,2
1892,37,1,6,2
1892,553,2,6,2
1893,810,2,2,2
1893,148,2,3,2
1894,327,2,5,2
1894,48,2,1,2
1895,105,0,6,2
1895,933,2,6,2
1896,174,2,2,2
1896,839,0,2,2
1897,827,2,0,2
1897,361,1,1,2
1898,580,1,1,2
1898,3,1,2,2
1899,742,2,6,2
1899,248,2,6,2
1900,465,2,3,2
1900,721,2,2,2
1901,378,2,6,2
1901,989,2,3,2
1902,919,2,3,2
1902,437,2,2,2
1903,66,1,2,2
1903,26,2,6,2
1904,878,1,2,2
1904,942,1,2,2
1905,85,0,4,2
1905,244,1,6,2
1906,832,1,0,2
1906,958,2,3,2
1907,138,2,2,2
1907,98,2,3,2
1908,686,0,4,2
1908,609,2,6,2
1909,70,2,6,2
1909,478,1,2,2
1910,918,0,6,2
1910,166,2,6,2
1911,239,1,6,2
1911,271,2,6,2
1912,435,2,6,2
1912,316,2,2,2
1913,281,1,5,2
1913,416,2,3,2
1914,799,2,2,2
1914,41,2,2,2
1915,533,1,2,2
1915,971,2,6,2
1916,678,1,3,2
1916,518,0,2,2
1917,876,1,6,2
1917,763,2,6,2
1918,116,0,6,2
1918,871,2,2,2
1919,706,2,0,2
1919,412,2,1,2
1920,426,2,2,2
1920,679,1,6,2
1921,88,0,6,2
1921,220,1,6,2
1922,626,2,5,2
1922,193,2,6,2
1923,198,2,2,2
1923,231,2,1,2
1924,87,0,3,2
1924,887,2,6,2
1925,601,2,3,2
1925,768,2,6,2
1926,907,0,6,2
1926,676,2,1,2
1927,893,1,2,2
1927,474,2,5,2
1928,35,2,2,2
1928,421,2,6,2
1929,982,0,2,2
1929,502,2,1,2
1930,343,0,6,2
1930,962,2,2,2
1931,87,2,4,2
1931,206,2,2,2
1932,879,2,6,2
1932,715,2,2,2
1933,215,1,6,2
1933,294,0,3,2
1934,641,2,3,2
1934,579,2,1,2
1935,1,2,5,2
1935,535,2,6,2
1936,174,1,2,2
1936,182,2,6,2
1937,806,1,6,2
1937,613,1,6,2
1938,522,1,5,2
1938,698,2,5,2
1939,47,2,5,2
1939,172,1,4,2
1940,684,0,2,2
1940,824,0,4,2
1941,860,0,6,2
1941,684,2,2,2
1942,638,1,0,2
1942,574,0,3,2
1943,610,1,2,2
1943,433,2,6,2
1944,954,1,3,2
1944,473,1,6,2
1945,466,0,2,2
1945,475,2,2,2
1946,602,1,2,2
1946,683,1,1,2
1947,23,2,2,2
1947,64,0,6,2
1948,777,2,3,2
1948,197,2,2,2
1949,714,1,6,2
1949,723,2,6,2
1950,507,0,2,2
1950,588,2,3,2
1951,524,2,2,2
1951,357,0,2,2
1952,622,1,1,2
1952,756,0,4,2
1953,877,2,3,2
1953,930,1,2,2
1954,195,2,1,2
1954,965,1,2,2
1955,868,0,3,2
1955,225,0,4,2
1956,110,2,6,2
1956,956,2,6,2
1957,733,0,5,2
1957,133,2,5,2
1958,787,1,2,2
1958,78,2,2,2
1959,485,0,2,2
1959,929,1,2,2
1960,735,2,4,2
1960,395,2,2,2
1961,710,2,5,2
1961,765,2,6,2
1962,248,0,6,2
1962,992,2,2,2
1963,929,2,1,2
1963,769,2,6,2
1964,652,2,6,2
1964,851,1,2,2
1965,192,2,5,2
1965,87,0,5,2
1966,720,0,3,2
1966,173,2,4,2
1967,894,1,6,2
1967,235,0,5,2
1968,982,1,2,2
1968,886,2,2,2
1969,490,0,6,2
1969,266,2,2,2
1970,365,1,1,2
1970,883,2,3,2
1971,393,1,2,2
1971,767,1,5,2
1972,947,2,6,2
1972,645,2,1,2
1973,915,2,3,2
1973,405,2,2,2
1974,876,0,6,2
1974,149,2,2,2
1975,957,2,5,2
1975,637,1,3,2
1976,191,1,6,2
1976,422,2,4,2
1977,107,2,6,2
1977,974,1,6,2
1978,938,2,2,2
1978,612,1,6,2
1979,844,0,5,2
1979,530,2,4,2
1980,263,2,6,2
1980,702,2,2,2
1981,733,1,3,2
1981,917,2,2,2
1982,638,2,2,2
1982,864,1,2,2
1983,1004,2,2,2
1983,374,2,2,2
1984,914,2,6,2
1984,703,2,2,2
1985,981,2,2,2
1985,719,2,2,2
1986,158,0,5,2
1986,367,2,6,2
1987,767,2,3,2
1987,112,2,2,2
1988,52,0,4,2
1988,116,2,6,2
1989,5,2,2,2
1989,961,2,2,2
1990,88,2,6,2
1990,822,2,3,2
1991,239,2,6,2
1991,683,2,2,2
1992,865,2,2,2
1992,168,2,5,2
1993,196,0,2,2
1993,398,0,3,2
1994,520,2,0,2
1994,489,2,5,2
1995,498,2,6,2
1995,173,2,4,2
1996,391,1,2,2
1996,704,2,5,2
1997,74,2,5,2
1997,607,1,6,2
1998,675,1,3,2
1998,209,2,6,2
1999,444,2,6,2
1999,973,0,6,2
2000,477,0,4,2
2000,623,0,4,2
2001,860,1,6,2
2001,583,2,5,2
2002,370,2,6,2
2002,124,1,2,2
2003,963,2,3,2
2003,896,2,6,2
2004,937,1,2,2
2004,588,2,5,2
2005,518,2,2,2
2005,177,1,6,2
2006,236,2,6,2
2006,105,2,6,2
2007,894,2,6,2
2007,93,2,2,2
2008,562,2,6,2
2008,19,2,5,2
2009,442,0,3,2
2009,431,2,2,2
2010,274,1,5,2
2010,370,2,6,2
2011,406,0,5,2
2011,980,0,6,2
2012,726,1,2,2
2012,52,2,4,2
2013,643,2,2,2
2013,683,1,2,2
2014,811,2,6,2
2014,145,0,2,2
2015,639,2,6,2
2015,715,0,2,2
2016,500,0,6,2
2016,768,2,6,2
2017,301,1,5,2
2017,693,2,2,2
2018,84,2,2,2
2018,807,1,6,2
2019,39,1,6,2
2019,591,2,3,2
2020,145,2,2,2
2020,667,2,5,2
2021,967,2,1,2
2021,976,2,5,2
2022,140,1,2,2
2022,236,1,6,2
2023,211,0,5,2
2023,385,2,6,2
2024,284,2,6,2
2024,57,2,6,2
2025,536,2,6,2
2025,228,1,2,2
2026,845,2,5,2
2026,252,1,2,2
2027,364,0,6,2
2027,564,1,1,2
2028,452,1,4,2
2028,664,2,5,2
2029,105,0,6,2
2029,880,0,4,2
2030,772,2,4,2
2030,328,0,6,2
2031,824,2,5,2
2031,204,2,6,2
2032,782,2,2,2
2032,136,2,3,2
2033,149,1,2,2
2033,242,2,4,2
2034,326,2,2,2
2034,626,0,5,2
2035,208,1,3,2
2035,156,2,2,2
2036,952,2,3,2
2036,284,1,6,2
2037,35,0,2,2
2037,39,2,6,2
2038,320,2,6,2
2038,83,1,1,2
2039,231,0,2,2
2039,342,2,5,2
2040,491,2,2,2
2040,199,2,2,2
2041,22,1,2,2
2041,613,2,6,2
2042,969,2,2,2
2042,507,2,2,2
2043,218,0,6,2
2043,992,2,0,2
2044,777,1,3,2
2044,26,2,6,2
2045,869,2,3,2
2045,14,2,2,2
2046,63,1,0,2
2046,433,0,6,2
2047,164,2,6,2
2047,462,1,1,2
2048,283,2,5,2
2048,625,2,6,2
2049,966,2,2,2
2049,94,0,2,2
2050,67,2,5,2
2050,641,1,3,2
2051,312,2,3,2
2051,85,1,3,2
2052,595,2,6,2
2052,925,0,4,2
2053,538,2,4,2
2053,939,0,0,2
2054,680,2,6,2
2054,461,2,6,2
2055,733,0,3,2
2055,11,0,5,2
2056,785,2,5,2
2056,793,2,6,2
2057,308,2,0,2
2057,962,2,2,2
2058,738,1,2,2
2058,178,2,6,2
2059,515,2,2,2
2059,412,0,2,2
2060,772,2,3,2
2060,596,0,3,2
2061,643,2,2,2
2061,547,2,2,2
2062,127,2,2,2
2062,665,0,6,2
2063,876,1,6,2
2063,160,2,5,2
2064,812,2,3,2
2064,410,2,2,2
2065,343,1,6,2
2065,859,2,5,2
2066,923,2,6,2
2066,84,2,1,2
2067,803,2,5,2
2067,576,2,4,2
2068,462,2,2,2
2068,238,2,2,2
2069,366,1,3,2
2069,772,2,5,2
2070,781,2,0,2
2070,502,0,2,2
2071,273,0,3,2
2071,8,2,2,2
2072,946,1,2,2
2072,162,2,2,2
2073,901,0,4,2
2073,47,1,4,2
2074,1007,0,2,2
2074,399,2,0,2
2075,94,2,2,2
2075,895,1,3,2
2076,640,2,2,2
2076,93,0,2,2
2077,967,2,2,2
2077,696,1,2,2
2078,905,2,2,2
2078,274,1,3,2
2079,677,0,3,2
2079,563,2,2,2
2080,667,2,5,2
2080,651,1,3,2
2081,581,1,6,2
2081,210,1,5,2
2082,998,2,3,2
2082,70,2,6,2
2083,72,0,6,2
2083,648,0,6,2
2084,217,2,6,2
2084,872,2,3,2
2085,595,2,6,2
2085,427,0,3,2
2086,396,2,6,2
2086,553,2,6,2
2087,445,2,6,2
2087,925,1,4,2
2088,531,2,5,2
2088,27,0,6,2
2089,813,2,2,2
2089,330,2,6,2
2090,797,2,5,2
2090,640,0,1,2
2091,400,0,6,2
2091,195,2,2,2
2092,630,2,6,2
2092,278,0,2,2
2093,370,2,6,2
2093,247,2,6,2
2094,651,0,5,2
2094,54,2,5,2
2095,857,1,5,2
2095,894,2,6,2
2096,179,0,6,2
2096,140,2,2,2
2097,569,1,5,2
2097,269,2,2,2
2098,589,2,2,2
2098,86,2,6,2
2099,221,1,2,2
2099,456,2,1,2
2100,770,0,6,2
2100,472,2,3,2
2101,959,2,6,2
2101,723,2,6,2
2102,116,2,6,2
2102,57,2,6,2
2103,549,0,6,2
2103,122,1,2,2
2104,476,0,3,2
2104,123,0,6,2
2105,280,0,6,2
2105,456,2,2,2
2106,702,2,2,2
2106,771,2,6,2
2107,659,2,2,2
2107,500,1,6,2
2108,195,0,2,2
2108,201,1,3,2
2109,630,0,6,2
2109,213,0,4,2
2110,42,2,3,2
2110,607,2,6,2
2111,271,1,6,2
2111,29,2,6,2
2112,328,1,6,2
2112,545,1,2,2
2113,813,0,1,2
2113,9,2,6,2
2114,73,2,2,2
2114,819,0,2,2
2115,169,2,6,2
2115,747,0,3,2
2116,432,1,5,2
2116,367,2,6,2
2117,483,1,4,2
2117,657,2,6,2
2118,480,0,4,2
2118,229,0,2,2
2119,791,1,6,2
2119,548,2,6,2
2120,44,2,2,2
2120,622,2,2,2
2121,172,2,4,2
2121,574,2,3,2
2122,450,1,5,2
2122,625,2,6,2
2123,356,2,6,2
2123,877,0,3,2
2124,240,2,2,2
2124,486,2,6,2
2125,848,2,6,2
2125,427,0,5,2
2126,493,1,2,2
2126,1002,0,2,2
2127,983,2,6,2
2127,112,2,2,2
2128,621,2,5,2
2128,685,2,2,2
2129,168,1,3,2
2129,642,2,4,2
2130,564,1,2,2
2130,271,0,6,2
2131,59,2,2,2
2131,61,1,3,2
2132,226,2,6,2
2132,549,0,6,2
2133,745,0,6,2
2133,519,2,3,2
2134,962,0,1,2
2134,225,1,3,2
2135,350,2,6,2
2135,48,2,2,2
2136,498,1,6,2
2136,290,0,2,2
2137,118,2,6,2
2137,952,0,5,2
2138,767,1,5,2
2138,651,2,4,2
2139,56,2,6,2
2139,66,2,2,2
2140,84,1,2,2
2140,467,1,5,2
2141,181,2,6,2
2141,148,0,3,2
2142,124,2,2,2
2142,249,2,5,2
2143,239,2,6,2
2143,303,2,4,2
2144,252,1,2,2
2144,596,2,5,2
2145,336,1,1,2
2145,114,0,0,2
2146,601,2,3,2
2146,911,0,6,2
2147,42,2,3,2
2147,126,2,2,2
2148,378,2,6,2
2148,645,0,2,2
2149,743,1,5,2
2149,908,0,6,2
2150,33,2,3,2
2150,688,2,5,2
2151,96,0,6,2
2151,676,1,2,2
2152,727,2,6,2
2152,167,2,2,2
2153,765,2,6,2
2153,307,2,2,2
2154,923,2,6,2
2154,890,2,5,2
2155,919,2,4,2
2155,71,1,6,2
2156,660,2,5,2
2156,891,2,5,2
2157,902,2,6,2
2157,337,1,5,2
2158,811,1,6,2
2158,780,2,6,2
2159,406,2,3,2
2159,443,1,2,2
2160,233,2,6,2
2160,789,0,4,2
2161,427,2,3,2
2161,18,2,6,2
2162,284,2,6,2
2162,978,0,5,2
2163,190,2,6,2
2163,453,2,3,2
2164,368,2,3,2
2164,521,2,5,2
2165,818,0,2,2
2165,778,2,4,2
2166,616,1,2,2
2166,228,2,1,2
2167,856,2,6,2
2167,871,1,2,2
2168,558,2,0,2
2168,486,2,6,2
2169,681,2,2,2
2169,948,0,0,2
2170,962,2,2,2
2170,258,1,6,2
2171,521,0,5,2
2171,942,2,1,2
2172,586,0,2,2
2172,123,2,6,2
2173,127,2,2,2
2173,323,0,3,2
2174,281,2,4,2
2174,739,1,2,2
2175,130,0,6,2
2175,205,0,2,2
2176,609,2,6,2
2176,348,2,2,2
2177,594,2,6,2
2177,472,2,4,2
2178,351,0,6,2
2178,19,1,3,2
2179,513,0,2,2
2179,577,2,6,2
2180,274,2,3,2
2180,984,2,4,2
2181,992,2,2,2
2181,103,2,3,2
2182,813,1,2,2
2182,684,2,2,2
2183,110,2,6,2
2183,937,0,2,2
2184,403,0,4,2
2184,250,2,2,2
2185,191,0,6,2
2185,912,2,2,2
2186,899,1,2,2
2186,193,0,6,2
2187,416,2,4,2
2187,372,0,4,2
2188,407,0,6,2
2188,158,2,3,2
2189,809,1,1,2
2189,1000,0,2,2
2190,254,2,6,2
2190,613,2,6,2
2191,561,0,0,2
2191,188,2,6,2
2192,719,2,2,2
2192,935,1,6,2
2193,693,1,2,2
2193,294,0,3,2
2194,449,1,6,2
2194,477,2,5,2
2195,243,0,3,2
2195,268,2,2,2
2196,762,2,2,2
2196,316,0,2,2
2197,122,1,1,2
2197,336,2,2,2
2198,161,2,4,2
2198,600,0,5,2
2199,548,2,6,2
2199,893,2,2,2
2200,571,2,5,2
2200,437,1,2,2
2201,807,0,6,2
2201,374,2,2,2
2202,202,2,3,2
2202,371,2,2,2
2203,148,2,3,2
2203,802,0,2,2
2204,381,2,2,2
2204,753,2,4,2
2205,108,1,3,2
2205,761,2,3,2
2206,237,2,3,2
2206,471,2,0,2
2207,344,0,1,2
2207,151,2,0,2
2208,846,0,6,2
2208,82,2,5,2
2209,601,0,3,2
2209,588,2,3,2
2210,197,2,2,2
2210,489,1,4,2
2211,270,0,2,2
2211,310,2,3,2
2212,831,0,6,2
2212,615,1,6,2
2213,12,2,6,2
2213,4,0,2,2
2214,554,0,2,2
2214,736,0,5,2
2215,295,1,2,2
2215,464,2,6,2
2216,164,2,6,2
2216,28,1,5,2
2217,278,2,2,2
2217,928,1,1,2
2218,608,2,2,2
2218,317,0,6,2
2219,657,1,6,2
2219,920,0,6,2
2220,485,2,2,2
2220,326,0,0,2
2221,202,2,5,2
2221,757,1,6,2
2222,621,2,3,2
2222,153,2,0,2
2223,476,0,3,2
2223,31,2,2,2
2224,662,2,2,2
2224,491,2,0,2
2225,68,0,4,2
2225,926,2,3,2
2226,0,2,6,2
2226,764,1,3,2
2227,247,2,6,2
2227,385,2,6,2
2228,480,1,4,2
2228,852,2,3,2
2229,1001,2,2,2
2229,599,0,5,2
2230,6,0,2,2
2230,6,2,2,2
2231,635,2,1,2
2231,471,0,0,2
2232,907,2,6,2
2232,88,2,6,2
2233,557,2,6,2
2233,533,2,1,2
2234,37,2,6,2
2234,67,0,3,2
2235,618,2,6,2
2235,110,1,6,2
2236,959,2,6,2
2236,434,1,2,2
2237,108,0,3,2
2237,478,2,0,2
2238,197,2,2,2
2238,885,0,5,2
2239,310,2,4,2
2239,669,2,4,2
2240,115,2,6,2
2240,703,0,2,2
2241,997,0,1,2
2241,416,1,3,2
2242,996,0,3,2
2242,908,2,6,2
2243,435,1,6,2
2243,368,1,3,2
2244,632,2,5,2
2244,39,2,6,2
2245,532,1,6,2
2245,222,1,2,2
2246,634,0,6,2
2246,410,2,0,2
2247,207,0,6,2
2247,316,1,2,2
2248,408,2,3,2
2248,684,2,2,2
2249,117,1,4,2
2249,976,1,3,2
2250,252,2,2,2
2250,172,2,3,2
2251,570,2,2,2
2251,296,2,3,2
2252,953,2,6,2
2252,32,2,2,2
2253,79,2,3,2
2253,17,2,1,2
2254,258,0,6,2
2254,404,2,2,2
2255,967,2,2,2
2255,320,2,6,2
2256,342,2,3,2
2256,508,2,3,2
2257,976,1,3,2
2257,728,2,3,2
2258,973,1,6,2
2258,596,2,3,2
2259,565,2,6,2
2259,650,2,6,2
2260,341,2,6,2
2260,828,0,5,2
2261,780,1,6,2
2261,108,2,4,2
2262,966,0,2,2
2262,621,2,5,2
2263,671,2,2,2
2263,131,2,6,2
2264,685,2,2,2
2264,175,2,6,2
2265,827,2,0,2
2265,853,0,3,2
2266,740,1,3,2
2266,262,1,6,2
2267,333,2,3,2
2267,629,2,4,2
2268,342,2,5,2
2268,187,2,2,2
2269,121,0,6,2
2269,834,2,2,2
2270,921,2,2,2
2270,540,2,6,2
2271,427,1,5,2
2271,792,1,6,2
2272,822,2,5,2
2272,36,0,2,2
2273,268,2,2,2
2273,436,0,3,2
2274,66,0,2,2
2274,178,2,6,2
2275,1,2,5,2
2275,696,1,2,2
2276,783,2,3,2
2276,345,2,4,2
2277,20,2,6,2
2277,492,2,2,2
2278,438,2,2,2
2278,431,2,2,2
2279,538,2,5,2
2279,661,2,6,2
2280,531,2,5,2
2280,298,1,6,2
2281,1004,2,2,2
2281,159,0,2,2
2282,586,1,2,2
2282,394,1,5,2
2283,789,0,3,2
2283,238,2,2,2
2284,744,2,5,2
2284,353,2,5,2
2285,835,1,2,2
2285,898,2,3,2
2286,23,0,2,2
2286,547,0,2,2
2287,944,2,6,2
2287,841,1,5,2
2288,566,2,6,2
2288,71,0,6,2
2289,582,2,3,2
2289,299,2,3,2
2290,446,2,3,2
2290,61,0,3,2
2291,957,2,5,2
2291,905,1,1,2
2292,731,2,2,2
2292,402,1,5,2
2293,261,0,2,2
2293,234,2,6,2
2294,252,0,1,2
2294,654,2,0,2
2295,126,2,2,2
2295,17,2,1,2
2296,124,0,0,2
2296,891,2,3,2
2297,510,2,6,2
2297,154,2,3,2
2298,389,2,2,2
2298,199,2,2,2
2299,955,1,2,2
2299,97,1,3,2
2300,789,2,5,2
2300,758,2,6,2
2301,217,1,6,2
2301,89,0,3,2
2302,689,2,2,2
2302,375,1,3,2
2303,575,2,2,2
2303,402,2,4,2
2304,33,0,3,2
2304,467,1,4,2
2305,499,2,2,2
2305,635,1,2,2
2306,527,2,2,2
2306,53,2,2,2
2307,9,2,6,2
2307,397,1,2,2
2308,285,0,6,2
2308,371,0,2,2
2309,520,2,2,2
2309,432,1,4,2
2310,451,2,4,2
2310,674,2,5,2
2311,971,2,6,2
2311,573,1,4,2
2312,260,2,5,2
2312,436,2,3,2
2313,152,2,3,2
2313,685,0,2,2
2314,26,1,6,2
2314,388,2,2,2
2315,181,2,6,2
2315,875,1,2,2
2316,487,0,2,2
2316,603,2,3,2
2317,151,0,2,2
2317,217,2,6,2
2318,463,0,4,2
2318,411,0,3,2
2319,139,2,3,2
2319,631,0,2,2
2320,671,2,2,2
2320,75,2,6,2
2321,1006,0,6,2
2321,255,1,2,2
2322,816,1,2,2
2322,8,2,2,2
2323,926,2,3,2
2323,366,2,4,2
2324,81,2,3,2
2324,964,2,1,2
2325,615,2,6,2
2325,580,2,2,2
2326,729,2,0,2
2326,742,0,6,2
2327,592,0,3,2
2327,267,2,0,2
2328,988,2,6,2
2328,166,1,6,2
2329,795,0,2,2
2329,999,2,2,2
2330,754,0,6,2
2330,426,2,0,2
2331,826,0,3,2
2331,722,1,4,2
2332,1005,0,2,2
2332,464,0,6,2
2333,578,2,2,2
2333,522,2,3,2
2334,664,1,4,2
2334,336,1,2,2
2335,497,0,3,2
2335,174,2,2,2
2336,855,1,6,2
2336,760,0,2,2
2337,741,2,2,2
2337,645,0,0,2
2338,732,0,3,2
2338,284,0,6,2
2339,666,1,6,2
2339,936,2,5,2
2340,2,2,3,2
2340,623,2,5,2
2341,501,0,2,2
2341,694,2,2,2
2342,404,2,2,2
2342,492,2,2,2
2343,106,2,6,2
2343,898,2,4,2
2344,817,2,4,2
2344,682,1,2,2
2345,754,0,6,2
2345,32,0,2,2
2346,912,2,2,2
2346,710,0,3,2
2347,583,2,3,2
2347,525,2,4,2
2348,515,0,2,2
2348,240,1,0,2
2349,550,2,3,2
2349,181,2,6,2
2350,661,2,6,2
2350,607,2,6,2
2351,709,1,6,2
2351,86,2,6,2
2352,223,2,6,2
2352,324,0,3,2
2353,985,1,6,2
2353,692,2,2,2
2354,820,2,2,2
2354,560,0,3,2
2355,883,2,5,2
2355,59,1,2,2
2356,715,1,2,2
2356,392,2,6,2
2357,415,0,6,2
2357,74,0,5,2
2358,540,1,6,2
2358,842,2,3,2
2359,294,1,4,2
2359,969,1,2,2
2360,855,1,6,2
2360,818,0,2,2
2361,946,2,2,2
2361,319,0,2,2
2362,839,2,2,2
2362,955,2,2,2
2363,531,2,4,2
2363,327,1,4,2
2364,942,0,2,2
2364,363,0,5,2
2365,751,2,2,2
2365,864,0,2,2
2366,101,2,3,2
2366,406,2,3,2
2367,374,2,2,2
2367,882,1,6,2
2368,254,2,6,2
2368,726,1,2,2
2369,936,1,4,2
2369,344,1,2,2
2370,591,0,5,2
2370,405,2,2,2
2371,973,2,6,2
2371,169,2,6,2
2372,669,1,4,2
2372,604,2,2,2
2373,824,2,4,2
2373,475,0,2,2
2374,643,0,2,2
2374,627,1,4,2
2375,786,0,6,2
2375,939,2,2,2
2376,776,2,6,2
2376,16,2,3,2
2377,198,2,0,2
2377,90,2,2,2
2378,599,2,3,2
2378,306,0,5,2
2379,320,2,6,2
2379,611,0,6,2
2380,854,2,6,2
2380,483,2,3,2
2381,719,2,2,2
2381,100,0,2,2
2382,980,1,6,2
2382,918,2,6,2
2383,369,0,1,2
2383,933,2,6,2
2384,771,0,6,2
2384,759,2,2,2
2385,999,2,2,2
2385,870,0,6,2
2386,112,2,2,2
2386,705,1,6,2
2387,179,1,6,2
2387,736,1,3,2
2388,377,1,6,2
2388,356,2,6,2
2389,382,0,6,2
2389,81,1,4,2
2390,693,2,2,2
2390,330,2,6,2
2391,535,2,6,2
2391,914,2,6,2
2392,330,2,6,2
2392,945,2,6,2
2393,345,0,4,2
2393,909,1,6,2
2394,454,1,4,2
2394,82,2,5,2
2395,789,2,5,2
2395,167,0,2,2
2396,737,2,6,2
2396,492,1,1,2
2397,761,0,4,2
2397,99,1,4,2
2398,582,2,3,2
2398,668,1,2,2
2399,637,1,4,2
2399,277,1,2,2
2400,148,0,3,2
2400,288,2,6,2
2401,271,0,6,2
2401,649,0,3,2
2402,140,2,2,2
2402,62,1,6,2
2403,97,1,5,2
2403,409,0,6,2
2404,171,2,2,2
2404,855,2,6,2
2405,1,2,3,2
2405,582,0,3,2
2406,522,1,5,2
2406,665,1,6,2
2407,677,2,3,2
2407,811,0,6,2
2408,826,2,3,2
2408,633,2,6,2
2409,72,2,6,2
2409,306,2,3,2
2410,136,1,3,2
2410,397,2,2,2
2411,751,2,2,2
2411,639,2,6,2
2412,774,2,4,2
2412,310,2,5,2
2413,561,2,2,2
2413,69,2,5,2
2414,60,0,3,2
2414,51,2,6,2
2415,595,2,6,2
2415,963,2,5,2
2416,288,2,6,2
2416,424,2,4,2
2417,526,1,3,2
2417,626,1,5,2
2418,579,2,2,2
2418,493,1,2,2
2419,388,2,2,2
2419,729,2,1,2
2420,21,2,6,2
2420,430,2,6,2
2421,481,2,2,2
2421,468,2,3,2
2422,615,2,6,2
2422,685,2,2,2
2423,211,2,4,2
2423,251,2,6,2
2424,259,1,2,2
2424,820,2,2,2
2425,669,1,5,2
2425,199,2,2,2
2426,799,2,2,2
2426,430,2,6,2
2427,471,0,2,2
2427,115,2,6,2
2428,626,2,3,2
2428,304,2,3,2
2429,289,2,3,2
2429,191,2,6,2
2430,230,1,5,2
2430,146,2,6,2
2431,838,2,6,2
2431,170,2,6,2
2432,512,2,2,2
2432,704,2,5,2
2433,146,2,6,2
2433,60,0,4,2
2434,890,2,4,2
2434,100,1,2,2
2435,532,1,6,2
2435,424,2,3,2
2436,796,2,4,2
2436,142,2,6,2
2437,539,2,6,2
2437,193,2,6,2
2438,935,2,6,2
2438,857,0,5,2
2439,35,2,2,2
2439,621,2,3,2
2440,700,2,5,2
2440,396,2,6,2
2441,219,2,4,2
2441,369,0,0,2
2442,288,2,6,2
2442,74,2,4,2
2443,299,2,5,2
2443,363,2,5,2
2444,569,2,5,2
2444,362,1,5,2
2445,805,1,4,2
2445,504,2,5,2
2446,896,2,6,2
2446,184,2,6,2
2447,28,2,5,2
2447,287,0,2,2
2448,119,2,2,2
2448,686,1,5,2
2449,136,0,5,2
2449,681,2,2,2
2450,577,2,6,2
2450,265,2,6,2
2451,75,2,6,2
2451,482,1,6,2
2452,750,0,6,2
2452,472,2,4,2
2453,755,0,6,2
2453,479,2,4,2
2454,443,2,2,2
2454,872,2,4,2
2455,229,2,2,2
2455,729,0,2,2
2456,696,0,2,2
2456,392,2,6,2
2457,379,1,6,2
2457,12,2,6,2
2458,819,1,2,2
2458,941,2,4,2
2459,906,1,6,2
2459,948,2,0,2
2460,362,2,3,2
2460,102,1,1,2
2461,629,0,3,2
2461,509,2,3,2
2462,637,1,4,2
2462,971,2,6,2
2463,917,2,0,2
2463,459,2,5,2
2464,466,0,2,2
2464,675,2,3,2
2465,566,0,6,2
2465,217,2,6,2
2466,50,2,4,2
2466,166,2,6,2
2467,119,0,0,2
2467,46,1,3,2
2468,457,2,6,2
2468,189,0,6,2
2469,737,2,6,2
2469,878,2,2,2
2470,701,2,3,2
2470,800,2,2,2
2471,176,0,4,2
2471,289,0,4,2
2472,893,2,2,2
2472,459,2,3,2
2473,388,0,2,2
2473,626,2,4,2
2474,100,1,1,2
2474,851,1,1,2
2475,82,2,3,2
2475,373,2,2,2
2476,387,2,2,2
2476,200,1,3,2
2477,704,1,3,2
2477,827,2,2,2
2478,511,0,4,2
2478,356,2,6,2
2479,820,0,2,2
2479,242,2,3,2
2480,987,2,4,2
2480,11,0,3,2
2481,197,2,2,2
2481,235,1,5,2
2482,333,0,4,2
2482,884,1,2,2
2483,133,0,3,2
2483,571,1,3,2
2484,708,2,2,2
2484,45,2,2,2
2485,463,2,5,2
2485,991,2,6,2
2486,409,2,6,2
2486,370,2,6,2
2487,287,2,2,2
2487,980,1,6,2
2488,910,0,2,2
2488,282,1,3,2
2489,793,2,6,2
2489,198,0,0,2
2490,107,0,6,2
2490,58,0,6,2
2491,781,2,0,2
2491,311,2,2,2
2492,469,2,6,2
2492,547,2,2,2
2493,127,2,2,2
2493,977,2,0,2
2494,70,2,6,2
2494,709,1,6,2
2495,990,2,2,2
2495,412,1,2,2
2496,514,2,5,2
2496,819,2,2,2
2497,526,1,3,2
2497,385,2,6,2
2498,176,0,5,2
2498,357,1,2,2
2499,741,1,2,2
2499,784,0,3,2
2500,883,1,5,2
2500,815,2,2,2
2501,901,2,4,2
2501,497,2,4,2
2502,29,1,6,2
2502,563,2,2,2
2503,808,2,6,2
2503,290,2,2,2
2504,237,1,3,2
2504,433,2,6,2
2505,766,2,3,2
2505,98,0,3,2
2506,75,1,6,2
2506,403,0,5,2
2507,208,0,3,2
2507,182,2,6,2
2508,250,1,2,2
2508,584,2,6,2
2509,837,2,0,2
2509,810,0,2,2
2510,866,2,6,2
2510,165,2,2,2
2511,624,0,2,2
2511,17,2,2,2
2512,944,1,6,2
2512,521,2,5,2
2513,169,2,6,2
2513,232,2,3,2
2514,972,0,6,2
2514,768,2,6,2
2515,711,2,2,2
2515,85,1,4,2
2516,844,0,5,2
2516,658,1,2,2
2517,26,1,6,2
2517,965,2,2,2
2518,73,2,2,2
2518,516,0,6,2
2519,630,0,6,2
2519,92,2,5,2
